"";"classe 1";"classe 2";"classe 3";"classe 4";"classe 5"
"homme";13,626;7,716;-12,621;-6,851;0,001
"voir";-6,882;-6,711;-1,058;30,189;0,536
"candide";-62,392;-67,574;975,834;-59,697;-83,085
"grand";0,588;0,006;-3,979;3,389;-0,226
"donner";-0,003;28,093;-0,04;-7,45;-5,053
"aller";-3,204;-7,515;75,911;-1,179;-12,086
"trouver";-8,994;20,553;-3,227;19,761;-15,581
"jour";-3,383;2,594;-0,352;-2,236;4,382
"mettre";5,447;0,213;3,619;-2,438;-8,825
"oeil";-2,097;-6,958;-6,014;5,149;17,091
"beau";-0,153;0,127;4,742;-0,109;-3,428
"temps";-0,098;28,666;-5,744;-0,999;-2,194
"venir";-4,861;-1,029;2,193;1,811;0,044
"dieu";-0,236;-5,966;-4,371;-5,999;50,423
"coeur";15,359;-0,513;-12,302;-9,987;12,968
"roi";53,813;-7,622;0,106;-9,304;-2,054
"monde";-5,651;0,258;12,604;-2,151;-0,287
"prendre";-4,507;-7,198;26,866;0,303;-1,525
"peuple";8,203;-0,012;-20,797;0,512;2,033
"cunégonde";-19,1;-23,011;317,252;-18,922;-27,707
"répondre";-2,834;-0,004;10,16;-0,827;-0,588
"main";6,161;-1,061;-8,548;-1,096;6,98
"âme";9,496;-1,219;-21,56;-15,408;42,992
"parler";-8,279;1,541;4,314;-10,12;5,161
"nature";7,319;7,131;-22,544;-7,48;5,368
"vérité";-2,317;39,749;-20,098;-10,844;8,419
"rendre";11,922;-3,421;-4,563;-6,118;9,541
"martin";-18,882;-20,242;286,789;-18,68;-22,287
"terre";-0,309;-8,425;1,907;-2,285;10,706
"passer";-2,48;-0,138;11,874;0,224;-4,465
"mort";2,34;-0,266;-4,066;-0,49;3,166
"état";76,886;-5,206;-2,969;-7,001;-2,254
"vie";-1,652;-3,043;-1,483;-0,761;23,256
"femme";-0,078;-1,266;-3,627;-0,884;16,685
"petit";-6,164;-1,171;0,023;23,048;-1,838
"pangloss";-11,773;-14,571;223,638;-15,834;-20,508
"docteur";-3,052;1,809;8,275;-1,396;-2,207
"ville";-1,718;-1,663;-1,044;20,622;-0,635
"siècle";0,24;30,269;-17,071;1,029;-6,128
"devenir";-0,921;15,814;-0,019;-4,819;-0,547
"loi";89,733;0,488;-20,839;-3,429;-8,177
"chose";-6,913;8,427;0,212;6,803;-10,749
"esprit";-0,223;53,81;-11,013;-4,317;-1,687
"tête";4,456;-7,421;-11,895;21,421;-0,024
"premier";-3,324;1,75;0,009;0,835;-0,323
"rester";-0,067;-3,122;1,219;7,13;-2,783
"public";6,013;1,978;-19,184;10,372;-4,596
"porte";-0,067;-1,274;-2,649;13,317;-0,21
"fois";9,007;-1,401;-5,264;-0,409;1,74
"livre";-4,452;18,326;0,278;0,886;-12,747
"cacambo";-14,993;-18,064;229,458;-16,793;-14,493
"seul";5,824;-0,062;-7,03;-0,491;1,878
"sentir";3,87;4,939;-14,676;-3,958;3,227
"chapitre";-2,895;-1,526;9,284;3,492;-4,311
"gens";-9,464;15,96;-0,331;10,704;-12,228
"aimer";-0,674;-7,134;2,317;-4,68;14,082
"maître";-6,911;-4,352;47,22;-3,606;-0,579
"vieux";-10,74;-8,357;133,001;-5,687;-13,05
"pied";1,511;-3,144;-0,014;0,248;0,058
"paraître";-4,479;-2,718;0,263;5,562;0,572
"enfant";-0,208;0,177;-5,759;-0,574;9,619
"arriver";-1,911;-2,29;11,548;0,511;-1,901
"servir";3,874;4,213;-0,051;-0,884;-6,804
"père";-0,127;-2,437;3,705;-4,646;3,526
"perdre";-0,674;-3,936;2,317;-8,215;14,082
"entendre";-8,602;-5,573;2,212;-2,322;22,92
"sortir";-3,664;-0,372;-0,193;1,824;2,171
"idée";-3,484;4,933;-13,488;-4,569;27,058
"coup";0,937;-1,297;-5,214;9,782;-0,167
"voix";-1,277;-1,665;-11,031;-2,03;47,074
"recevoir";0,221;-3,355;0,613;-0,884;1,981
"demander";0,001;-0,018;16,234;-0,995;-8,946
"porter";3,563;-0,234;-5,264;-0,995;3,929
"nation";9,081;21,811;-16,878;-3,641;-1,58
"vertu";69,313;-7,194;-13,784;-3,433;0,272
"penser";-0,563;34,334;-0,808;-1,95;-7,256
"humain";5,757;1,073;-13,86;-4,646;6,661
"heureux";0,535;-0,268;-1,047;-2,763;5,745
"art";8,685;23,168;-18,397;-4,569;-0,885
"peine";-6,332;1,75;-0,698;8,517;-0,771
"lieu";-6,39;0,41;-6,637;5,339;4,313
"raison";0,144;29,792;0,309;-13,687;-6,955
"pays";-2,112;0,32;25,276;-4,288;-5,419
"tomber";0,839;-2,024;-0,687;-9,421;17,643
"présenter";-1,352;1,614;-0,139;3,592;-2,403
"connaître";2,598;13,201;-0,298;-3,154;-7,256
"entrer";-9,477;-3,531;5,674;19,472;-3,729
"étranger";-0,859;-0,535;3,977;3,573;-4,915
"plaisir";-0,505;-3,546;0,001;4,942;0,105
"nouveau";-0,048;32,567;-4,777;-2,595;-2,381
"apercevoir";-8,632;-2,351;-0,088;29,632;-0,449
"mot";-2,211;0,137;-0,687;0,038;2,634
"cher";-1,832;-6,211;43,981;-5,476;-0,753
"reprendre";-3,313;0;0,137;1,036;0,112
"paria";-1,623;4,711;-0,456;-1,818;1,005
"nom";0,186;26,188;-9,102;-0,066;-3,962
"auteur";-6,162;30,714;-12,061;0,972;-0,239
"tenir";-0,653;2,849;-2,779;5,312;-1,83
"regarder";-0,009;-7,632;2,995;-6,869;11,602
"vivre";-6,971;3,564;6,952;0,103;-5,547
"sembler";-0,637;-0,65;-12,061;1,936;13,306
"place";-1,309;-11,671;-5,341;71,758;-1,657
"citoyen";56,51;-5,305;-11,357;0,251;-2,686
"air";-5,601;-11,924;-4,066;20,78;10,059
"long";-0,344;7,284;-1,641;0,016;-0,769
"jeune";4,216;-2,748;0,345;-1,222;0,031
"doux";-3,03;-4,419;-10,172;-1,359;60,915
"former";0,68;4,619;-7,097;0,776;-0,875
"ami";-0,738;0,092;2,912;-5,329;0,845
"force";21,595;-5,529;-11,654;-4,851;12,388
"corps";28,741;-0,198;-8,114;-1,313;-0,218
"baron";-2,438;-2,938;41,675;-2,731;-3,537
"prince";5,184;1,678;-3,158;-0,002;-2,09
"manger";-4,147;-0,001;22,888;-0,114;-6,776
"laisser";-0,009;-1,761;0,751;5,771;-3,049
"ciel";-3,871;-7,291;-2,107;0,11;29,758
"ancien";0,002;5,607;-1,46;4,854;-9,74
"particulier";7,746;13,776;-10,172;-0,139;-6,154
"ouvrage";-0,086;27,512;-13,56;1,808;-5,227
"malheureux";0,93;-3,897;-0,086;-0,701;4,319
"maison";-3,684;-7,045;0,034;8,654;1,742
"lire";-1,576;-0,083;-1,185;2,743;0,89
"génie";14,153;2,145;-8,7;-4,468;0,022
"chercher";-1,093;22,653;-4,691;-0,184;-1,045
"vaisseau";-2,524;-5,494;58,531;-3,247;-5,343
"simple";-1,626;43,246;-9,877;-0,092;-2,829
"jeter";-1,145;-7,648;4,774;-0,114;2,934
"côté";-0,029;-1,014;-8,7;21,409;-0,058
"marcher";-3,13;1,818;-0,572;2,407;-0,146
"espèce";1,299;2,145;-3,147;1,579;-3,251
"bonheur";20,292;-0,445;-2,107;-3,055;-0,106
"apprendre";2,007;1,818;-0,572;-1,168;-0,621
"vrai";2,611;1,253;-1,021;0,167;-3,522
"soleil";-7,803;-2,013;-8,7;0;46,034
"naître";32,144;-4,112;-2,257;-7,807;0,89
"mourir";0,314;-1,592;8,449;-2,609;-0,495
"frère";-0,97;-3,144;18,036;-4,255;0,058
"doute";0,294;0,004;0,598;-1,935;-0,001
"écrire";-5,727;20,758;-1,082;-0,329;-0,376
"utile";-0,027;30,371;-12,96;-0,694;-0,517
"suivre";-2,197;7,291;1,851;-0,722;-3,251
"monarque";8,931;-3,332;-10,764;1,088;1,857
"couvrir";3,346;-1,958;-1,641;-1,611;4,598
"attendre";-3,498;-3,144;9,338;-4,255;4,92
"mademoiselle";-7,179;-8,649;122,69;-8,04;-10,414
"effet";-7,595;2,451;-0,014;6,931;-1,8
"tuer";-3,872;-4,665;49,429;-4,336;-1,613
"trône";27,348;-3,772;-9,288;-3,247;3,518
"honneur";0,056;-0,02;-0,001;2,259;-2,084
"fille";-0,879;-4,854;42,1;-1,285;-6,189
"droit";52,72;-0,054;-5,793;-2,412;-5,897
"sage";6,542;8,843;-6,081;-0,426;-4,169
"ordre";-0,11;1,036;-5,43;8,947;-1,25
"moment";1,511;-4,797;0,454;-0,612;1,064
"souverain";50,319;-0,445;-4,952;-3,055;-3,488
"grâce";-3,75;-0,103;0,049;0,627;1,167
"besoin";1,747;2,788;-8,114;0,023;-0,004
"année";1,55;-1,035;-0,865;10,571;-4,991
"amour";1,812;-5,337;-6,659;-3,01;26,682
"âge";9,715;0,679;-5,984;-0,508;-0,218
"table";-0,63;-6,066;18,424;1,467;-5,547
"revenir";3,201;-1,246;13,566;-3,951;-5,606
"propre";0,925;12,199;-7,822;-0,412;-0,621
"pauvre";-0,048;-1,177;5,895;-0,161;-0,678
"ouvrir";-4,346;-7,898;-0,865;2,008;17,131
"oser";15,256;-3,22;-4,341;0,478;-0,125
"nuit";-2,581;-5,656;-0,34;0,165;15,159
"milieu";-4,546;-3,886;-2,046;7,115;7,433
"humanité";7,119;-1,667;-10,569;-5,971;18,866
"heure";-3,313;-2,939;0,598;5,362;0,112
"regard";-1,576;-2,537;-9,974;0,587;25,675
"palais";-1,145;-0,891;-1,641;38,234;-6,776
"monter";-0,433;-1,035;-0,865;-0,766;10,819
"histoire";-1,565;15,424;0,303;-2,026;-3,366
"bramer";0,192;0,074;0,015;-0,907;0,012
"approcher";-2,412;-5,337;9,31;3,966;-1,712
"pur";0,219;0,27;-6,37;-4,619;12,922
"gloire";-0,033;0,107;-6,949;2,008;1,357
"exemple";27,159;3,198;-4,611;-3,01;-6,776
"charger";-1,565;0,897;1,047;-0,166;-0,178
"vaste";-0,067;-0,042;-9,676;28,913;-2,127
"tour";-0,161;-0,028;-2,273;4,722;0
"savant";-2,013;1,387;12,28;-0,96;-5,915
"mère";1,39;-1,385;-1,893;-3,189;9,534
"meilleur";-6,348;29,497;1,738;-4,843;-4,715
"justice";30,846;-3,001;-4,073;0,096;-2,546
"haut";-0,011;-3,44;-4,611;1,123;9,045
"général";2,104;8,03;-1,447;-1,446;-2,785
"château";-2,438;-2,938;2,561;1,77;0,037
"partir";-0,11;-4,112;18,424;-0,324;-2,343
"mériter";-4,346;9,105;-0,254;3,518;-4,991
"liberté";22,356;-3,44;-4,611;-4,843;2,934
"larme";-6,555;-5,579;2,653;-5,067;24,888
"langue";-1,644;4,287;0,297;-0,651;-0,374
"frapper";-0,433;0,107;-6,949;7,8;0,099
"élever";7,14;-2,148;-9,379;-0,766;8,205
"soin";0,086;-0,324;-0,006;-1,78;2,527
"royaume";7,225;2,832;-1,082;-0,329;-5,897
"remplir";-1,428;-3,886;-5,156;4,909;9,89
"question";-1,623;1,634;-0,456;1,931;-0,474
"payer";0,921;-3,22;13,251;-0,065;-6,482
"mener";-4,9;-3,66;51,626;-0,573;-7,109
"lever";-0,323;-5,904;-0,036;-0,573;13,698
"jouer";-0,067;-5,822;0,449;-1,952;9,89
"arrêter";-2,773;0,024;-0,464;8,663;-0,5
"anglais";0,188;0,04;2,513;-2,046;-0,69
"sujet";-0,011;16,525;-4,611;-0,645;-0,769
"partie";3,201;5,274;-0,001;-6,182;-2,084
"mauvais";-1,464;-2,042;9,149;1,362;-2,755
"manière";5,32;7,751;-3,544;-0,242;-5,606
"lettre";-1,565;-0,002;-1,794;32,374;-7,708
"jésuite";-0,806;-1,362;35,154;-2,642;-6,213
"découvrir";-3,357;3,273;-5,506;0;5,076
"dernier";-0,948;0,139;-0,231;1,143;0
"brûler";0,029;0,139;0,298;-0,344;-0,256
"bras";0,569;-6,65;0,81;-0,981;3,208
"arbre";3,016;-0,014;-1,131;-0,645;0,133
"travail";5,918;-1,773;-6,37;2,683;0,007
"sentiment";-0,192;-3,001;-4,073;-6,646;41,381
"rencontrer";-5,933;-1,592;2,445;10,231;-1,322
"profond";-4,9;-3,66;-2,771;1,843;17,564
"plein";-3,553;-0,054;-2,237;0,803;6,573
"lumière";-3,75;19,233;-4,073;-4,395;2,33
"goût";-4,694;25,111;-0,007;-0,453;-4,449
"garder";-0,806;0,239;2,982;1,436;-6,213
"foule";14,152;-3,44;-9,082;0,016;1,642
"fils";-1,248;-1,949;-0,036;-5,489;21,909
"appeler";-1,644;-2,267;15,578;-0,039;-1,384
"traiter";-2,201;4,604;2,982;-2,642;-0,851
"science";-5,107;51,012;-3,026;-1,837;-3,104
"salle";-2,412;-3,44;-4,611;50,622;-1,712
"présent";-1,729;3,273;1,861;-2,217;-0,27
"plaire";4,159;-6,153;1,326;-0,701;0,025
"permettre";14,887;-0,395;-2,013;-0,242;-0,963
"patrie";48,473;-2,572;-3,544;-3,951;-0,963
"objet";0,086;6,601;-4,882;-3,213;1,357
"mer";2,503;0,375;0,662;-0,161;-5,915
"malheur";0,77;-3,923;2,098;0,001;-0,142
"auguste";-0,344;-3,44;-6,659;0,016;22,409
"argent";-1,828;-2,495;0,919;10,622;-1,613
"écrier";-0,237;-5,656;15,492;-0,453;-0,37
"régner";12,649;-0,103;-8,49;0,627;-0,495
"pièce";-2,581;0,622;0,177;2,209;-1,23
"passion";51,039;-3,44;-4,611;-7,11;0
"parole";0,029;-3,189;9,686;-0,001;-2,338
"offrir";0,109;-2,361;-0,752;0,371;2,134
"nombre";-1,565;-1,081;-5,22;38,414;-1,86
"moyen";-1,729;38,401;-5,506;-0,242;-3,631
"crime";18,678;-3,184;-0,374;-2,96;0,001
"cri";-1,729;-4,373;-7,898;-0,242;41,109
"courir";-2,438;0,224;13,551;-2,731;-1,416
"chef";3,592;-0,252;-1,893;-1,199;1,364
"cause";1,733;2,107;0,298;-2,857;-2,338
"caractère";3,201;3,273;-3,544;-2,217;-0,003
"élevé";-3,872;0,026;-1,562;14,843;-0,519
"tableau";-0,264;10,867;-4,341;-0,065;-0,125
"sang";6,311;-0,828;-2,97;-2,007;2,716
"pensée";-0,948;-0,028;-6,422;10,737;0,267
"pari";-5,52;-1,246;0,81;30,168;-8,007
"orgueil";27,706;-6,153;-7,307;7,777;-5,026
"montrer";-0,039;-2,361;-7,602;0,01;18,364
"misérable";3,201;-0,395;-0,912;0;-0,003
"guerre";4,763;-2,725;-0,069;1,781;-1,849
"front";-0,755;-1,416;-8,194;-4,173;44,2
"fond";14,887;-4,373;-0,912;-0,981;0,164
"feu";0;-4,417;-5,246;8,127;2,716
"cruel";1,046;0,002;-0,719;-1,396;0,976
"commun";0,029;6,404;0,001;-2,857;-1,036
"bientôt";4,752;-1,416;-0,017;-4,173;1,445
"avouer";0,109;-2,361;14,889;-2,026;-1,86
"étendre";-1,729;5,274;-0,912;1,009;-0,963
"valoir";-2,581;-0,632;0,177;13,29;-2,589
"usage";9,889;0,08;0;-0,651;-5,319
"spectacle";-1,248;-0,132;-7,012;25,581;-0,5
"reconnaître";-0,13;2,832;-2,237;1,921;-1,138
"mouton";-2,967;-2,154;62,362;-5,72;-7,408
"juger";0;10,595;-2,771;0,687;-4,737
"joie";-1,01;-7,398;-0,104;-2,808;28,614
"embrasser";-1,729;-0,02;3,341;-6,182;3,208
"digne";7,225;-1,416;-3,808;-0,329;1,445
"conserver";-0,264;14,132;-8,786;-2,808;1,965
"écrivain";-0,948;27,336;-6,422;-2,857;0
"triste";-0,039;-1,081;-1,794;0,371;3,731
"société";0;-0,065;-3,489;0,342;2,478
"secret";-1,896;16,624;-8,194;-1,13;1,445
"pleurer";-3,666;-2,267;5,044;-2,007;4,897
"oreille";-3,357;-6,65;-0,241;1,009;13,244
"intérêt";8,795;19,572;-5,22;-5,951;-5,315
"inde";0,585;-0,732;0,205;0,441;-0,881
"connaissance";-3,161;19,572;-0,752;0,01;-3,366
"bulgare";3,152;-0,976;1,748;-0,907;-1,175
"éternel";0,569;-2,572;-7,898;-0,242;16,821
"écouter";-0,078;0,695;0,19;-2,217;0,164
"univers";-1,729;0,12;-3,544;-0,981;13,244
"philosophe";0,279;-0,773;10,575;-1,653;-2,845
"part";-4,488;13,03;-0,231;0,268;-2,338
"noir";0,043;-3,923;0,718;0,457;0,049
"noble";-3,357;1,746;-0,001;-0,242;0,751
"naturel";2,396;1,39;-0,126;-3,647;-0,142
"jouir";2,981;-0,176;-3,246;0,085;0,144
"gros";-4,283;0,239;10,908;-0,246;-2,091
"gouvernement";0,029;21,985;-4,084;-1,296;-2,338
"europe";0,214;8,265;-0,538;-0,163;-4,13
"esclave";0,93;-6,153;0,035;-0,701;4,319
"empire";48,777;-2,725;-3,524;-0,96;-3,594
"descendre";-0,097;-2,956;-3,803;-1,125;23,364
"dangereux";0,964;0,002;-3,524;3,661;-0,678
"crier";0,739;-5,16;0,023;-2,642;7,51
"composer";-2,847;8,265;-4,074;2,782;-0,566
"bas";-2,201;-5,16;0,023;32,679;-3,878
"abbé";-3,161;-4,135;65,799;-3,73;-7,708
"étonner";-1,565;-4,135;11,465;0,371;-0,798
"voler";-1,248;-1,949;17,937;-0,573;-1,433
"venise";-4,9;-5,904;83,755;-5,489;-7,109
"tirer";-3,052;0,002;1,029;-0,264;0,976
"soutenir";1,159;-0,773;-0,464;1,843;-0,5
"plutôt";-0,13;12,948;-5,793;-4,173;1,445
"nommer";4,763;-1,177;0,662;-4,566;0,062
"grandeur";1,917;-6,401;-5,22;-0,838;18,364
"faible";-1,095;0,622;-6,717;-3,073;19,304
"coupable";17,894;-3,923;-4,659;-0,381;0,674
"cacher";7,407;-3,66;-1,376;-3,291;4,981
"bruit";2,09;-5,16;2,982;-1,125;0,015
"barbare";44,248;-4,665;-5,54;-2,217;-0,029
"abandonner";-2,643;-3,184;-1,633;0,184;16,147
"voisin";0,146;-2,725;0,076;-2,428;5,727
"trait";-0,323;4,934;-4,65;-0,052;0,581
"suivant";-0,621;-0,065;0,045;1,77;-0,249
"souper";-4,488;-5,408;67,985;-5,027;-4,163
"soeur";0,693;-0,125;1,681;-1,59;-0,282
"seulement";-0,161;3,964;0,298;-2,857;-0,256
"saisir";0,182;-2,154;-0,602;-1,837;9,231
"rouge";-3,461;0,169;1,625;-0,008;0,007
"produire";-1,095;1,733;-2,52;4,105;-0,37
"manquer";-0,161;17,216;0,298;-5,027;-4,163
"indien";-1,013;5,193;-1,45;-1,135;0,857
"horrible";0,964;-1,177;-0,641;-2,428;5,727
"douleur";-0,948;-5,408;0,001;-5,027;26,203
"diamant";-3,161;-6,401;82,025;-5,951;-7,708
"craindre";10,261;-5,16;-0,14;-2,642;1,37
"conduire";-0,161;0,832;2,472;-0,344;-2,338
"brillant";-1,095;-3,424;-0,007;0,895;3,582
"avancer";-2,39;-0,5;-0,231;7,425;0
"asseoir";-2,201;-5,16;-6,128;26,541;1,37
"adorer";-4,283;-2,956;-2,03;-2,642;41,005
"académie";-2,581;20,1;-2,52;2,209;-6,81
"sorte";-2,201;10,562;-6,128;5,42;-2,091
"silence";-0,237;-1,749;-4,366;2,209;5,725
"sein";0,005;-1,749;-6,717;-3,073;29,096
"sacré";24,157;-1,949;-7,012;-3,291;1,568
"rire";-1,095;-0,071;-0,34;13,29;-2,589
"prier";-1,644;-0,098;5,044;0,17;-1,384
"possible";-3,666;7,11;0,297;-0,039;-1,384
"moeurs";-0,131;27,67;-4,366;-3,418;-0,752
"lit";0,073;-2,446;0,33;3,092;-0,921
"libre";38,863;-5,656;-4,366;-3,073;0,154
"instant";-4,488;-5,408;-0,231;-0,344;26,203
"fin";-1,464;-2,042;1,625;-3,877;8,937
"ensemble";1,234;0,55;-0,487;-0,802;-0,029
"commettre";-0,019;-1,174;0,003;10,864;-3,834
"bout";-0,806;-1,362;14,653;0,005;-3,878
"vivant";-3,052;15,643;-0,719;-1,396;-0,062
"vieillard";-1,464;-4,17;13,018;0,291;-1,163
"titre";-0,048;1,387;-3,524;6,209;-1,849
"saint";-4,9;-0,773;3,158;-1,653;4,981
"royal";-0,065;0,03;-0,538;0,955;-0,013
"province";1,234;3,617;-0,021;-0,802;-3,312
"physique";-0,948;17,216;-0,989;-2,857;-0,256
"juge";5,795;1,809;-0,719;-3,418;-0,752
"jardin";-1,286;-0,514;4,201;0,001;-0,142
"horreur";-0,161;-3,189;-0,989;-2,857;21,229
"dévorer";1,733;-0,5;-4,084;-2,857;9,446
"blanc";-3,052;-3,677;-4,366;0,674;22,077
"universel";3,568;6,404;-6,422;-1,296;-0,256
"tantôt";-0,81;0,074;0,015;-0,907;1,705
"sublime";-4,488;3,964;-6,422;-1,296;12,85
"majesté";-4,694;-3,424;15,492;-0,018;-0,012
"famille";0,964;0,002;-3,524;-0,96;3,448
"extrême";7,742;-2,725;0,662;0,572;-5,915
"continuer";-4,077;-0,27;5,895;-2,428;1,745
"boire";-0,334;-2,446;13,048;-0,478;-0,921
"assemblée";-3,666;-0,098;-5,246;21,899;-0,002
"appartenir";-0,942;0,03;0,304;2,782;-1,938
"animal";-0,422;0,772;-2,97;1,044;0,269
"affreux";0,214;-1,385;-0,538;-1,199;5,991
"égal";-0,313;0,169;-2,696;-0,008;3,339
"vertueux";0,551;-2,042;-2,696;-3,877;17,237
"vendre";-3,461;-2,042;42,573;-1,8;-5,021
"tromper";-2,847;0,03;-0,538;0,955;1,364
"temple";-3,666;-4,417;-5,246;16,565;4,897
"sensible";-0,048;0,375;-5,834;-4,566;16,011
"seigneur";-1,623;0,149;1,046;0,228;-0,474
"répandre";-1,828;1,747;-1,562;-0,091;2,189
"remarquer";-2,581;8,409;-6,717;6,584;-1,23
"religion";-0,67;1,387;-0,069;-4,566;3,448
"poète";0,109;7,023;-2,157;0,024;-2,207
"pendre";-1,827;-0,412;10,151;-0,325;-0,69
"morale";-0,542;13,269;-1,562;0,085;-3,312
"genre";1,39;2,324;-4,074;-1,199;0,278
"fruit";0,366;-1,174;-0,374;-0,082;1,856
"français";-3,052;0,48;12,231;-0,264;-4,427
"forme";-0,215;24,705;-4,659;0,001;-4,724
"environner";-0,806;-1,362;-6,128;0,402;14,342
"entier";1,39;-3,43;-1,893;0,082;3,268
"discours";-1,644;-2,267;15,578;-0,651;-0,374
"degré";-3,461;2,68;-4,953;-3,877;17,237
"dame";-4,283;-5,16;48,716;-4,797;-0,851
"bois";-1,216;-0,033;0,41;-0,013;0,389
"aussitôt";-3,052;-1,6;28,726;-1,396;-2,207
"assurer";-3,256;5,967;2,098;0,001;-4,724
"éloigner";-2,201;0,239;-3,803;8,368;0,015
"toucher";3,534;-0,098;0;0,17;-3,032
"source";-0,131;15,643;-2,157;-1,396;-0,752
"ridicule";-0,131;10,907;-4,366;0,024;-0,752
"riche";-0,215;-3,923;0,061;10,635;-0,952
"respect";-0,215;-3,923;-4,659;1,748;10,347
"quartier";-2,643;1,037;-3,781;10,864;-0,397
"précieux";2,396;3,279;-2,425;-1,596;-0,142
"oublier";0,378;-0,098;0;1,044;-1,384
"occuper";-3,872;-2,495;-0,487;10,622;0,864
"matière";1,234;13,269;-3,246;-0,091;-5,617
"luxe";6,822;2,324;-4,074;-0,163;-1,938
"juif";0;-0,033;0,41;-0,013;-0,124
"inquisiteur";-1,827;0,04;15,892;-2,046;-2,65
"immense";-4,283;-0,378;-2,03;16,179;0,015
"image";0,075;0,239;-6,128;-0,246;4,916
"honnête";1,234;0,026;4,254;-2,217;-3,312
"guide";-2,013;-0,27;-5,834;9,428;1,745
"froid";-3,461;-0,665;-4,953;-1,8;34,753
"défendre";-1,216;8,461;-1,74;-0,013;-0,124
"couleur";-0,942;0,03;-1,893;5,563;-0,013
"changer";-1,644;19,842;-2,97;0,17;-3,032
"capitaine";-1,827;-2,201;22,914;-2,046;-0,69
"apporter";1,817;1,037;1,927;-2,96;-3,834
"affaire";1,234;0,55;6,835;-4,336;-5,617
"étonnant";0,378;4,287;-5,246;-0,039;-0,002
"épouser";0,384;-0,256;-0,456;-1,818;3,415
"travailler";0,77;-0,007;0,718;-3,647;0,049
"tragédie";-1,112;10,907;-0,052;-1,396;-0,752
"théâtre";-4,077;5,331;-1,793;13,315;-5,915
"terrible";7,257;-2,042;-4,953;-1,8;5,8
"suite";4,922;-3,923;-0,126;6,837;-4,724
"songer";-0,422;-2,267;0;-4,106;15,268
"rue";-2,643;-1,174;-1,633;16,102;0,001
"représenter";-4,077;-4,912;-3,524;23,1;1,745
"rang";0,075;0,239;-3,803;8,368;-2,091
"présence";-0,422;-4,417;-0,347;-2,007;20,002
"principe";-0,097;4,604;-2,03;-2,642;1,37
"politique";9,889;0,08;-5,246;0,17;-1,384
"partager";-1,644;-4,417;-0,347;2,662;4,897
"nécessaire";23,087;0,55;-3,246;-0,802;-5,617
"livrer";-1,828;-4,665;-1,562;-0,802;28,399
"inspirer";1,556;-0,828;-5,246;-2,007;11,173
"infortuné";0,109;-3,677;-0,052;-3,418;11,984
"imprimer";-1,286;0,299;-4,659;0,001;6,853
"habitant";-3,052;0,48;-2,157;-1,396;11,984
"gagner";-0,422;-0,828;20,375;-2,007;-3,032
"funeste";2,941;3,99;-4,366;-3,418;0,137
"france";-1,286;0,299;10,576;-0,381;-4,724
"fortune";17,308;-0,014;-3,197;-0,001;-3,241
"figure";-1,464;-0,041;-1,121;9,294;-0,247
"fameux";-0,472;13,607;-1,131;-0,001;-3,241
"erreur";-0,313;28,26;-4,953;-3,877;-0,247
"envoyer";0,073;-2,446;19,112;-2,274;-2,945
"emporter";-0,107;1,634;-2,322;0,228;0,025
"eau";-1,42;-1,71;0,152;6,974;-0,282
"don";21,413;-2,938;-1,379;-0,822;-0,249
"courage";0,739;-0,378;-2,03;-2,642;7,51
"chemin";-0,621;-0,065;2,561;1,77;-3,537
"campagne";3,592;-3,43;-1,893;9,298;-1,938
"aventure";-3,872;-4,665;57,496;-4,336;-3,312
"attacher";-0,422;10,644;-2,97;-0,039;-0,374
"annoncer";-1,286;-1,819;-4,659;-0,381;25,134
"angleterre";3,016;-0,014;1,231;-0,645;-3,241
"éclairer";6,822;0,03;-4,074;-0,163;-0,013
"échapper";-0,131;0,002;-2,157;-1,396;8,085
"véritable";2,503;-1,177;-3,524;13,315;-3,594
"visage";-3,461;-4,17;0,012;-0,511;17,237
"verser";-0,065;-1,385;6,144;-3,189;0,278
"tendre";0,043;-0,514;0,061;-3,647;4,076
"soldat";0,192;0,074;-1,159;0,114;0,012
"secours";-0,019;5,854;-1,633;-1,008;0,001
"remettre";2,35;-0,97;-0,231;1,77;-1,416
"raisonner";-3,256;5,967;7,027;-1,596;-4,724
"perfection";-1,828;3,617;-5,54;-2,217;9,793
"pareil";-3,256;-0,514;-0,914;15,269;-0,142
"monument";-1,464;-0,041;-4,953;13,512;0,007
"misère";0,188;-0,412;0,616;-2,046;0,584
"maladie";-1,644;19,842;-0,347;-0,651;-3,032
"honte";0,015;4,692;-3,197;2,351;-3,241
"honorer";-2,234;-0,773;-1,131;2,351;3,267
"fureur";-0,778;2,954;-1,633;-2,96;4,105
"fleur";-1,42;-1,71;-0,268;0,476;4,754
"fermer";6,311;-0,828;-1,337;-0,039;-0,002
"faiblesse";-0,015;-0,999;-3,246;-0,091;9,793
"espagnol";-3,052;-0,375;35,765;-3,418;-4,427
"enseigner";3,856;2,655;-0,893;-2,274;-0,921
"empereur";1,246;0,001;1,779;-2,274;-0,921
"effort";15,962;-0,665;-2,696;0,291;-2,755
"détruire";0,577;23,501;-3,489;-2,731;-3,537
"disputer";-2,03;-0,586;4,381;0,016;-0,041
"curieux";-1,286;-1,819;0,718;10,635;-2,479
"crainte";9,608;-3,677;-2,157;2,215;-0,752
"couronner";-0,215;-1,819;-4,659;42,159;-4,724
"contraire";0,77;18,822;-4,659;-3,647;-0,952
"commencer";0,577;-0,97;2,561;-2,731;0,037
"cheval";0;-2,267;11,423;-0,651;-1,384
"agir";21,584;-0,665;-2,696;-0,511;-1,163
"admirer";-2,643;1,037;-1,633;10,864;-1,674
"action";-1,644;7,11;-2,97;-4,106;4,897
"éprouver";-0,778;1,037;0,003;0,184;-0,397
"voyage";-1,286;0,299;10,576;-1,596;-2,479
"souffrir";-0,621;3,731;0,045;-2,731;0,037
"route";-2,438;-2,938;2,561;0,342;0,78
"pénétrer";-0,215;-3,923;-4,659;-1,596;31,498
"prêt";-3,256;-1,819;2,098;-0,381;4,076
"prouver";6,822;0,03;0,304;-1,199;-4,13
"pierre";3,016;1,973;-3,197;-0,001;-1,164
"mémoire";-0,215;1,39;-2,425;-0,381;2,016
"médecin";-1,623;9,381;0,03;-0,19;-2,354
"mois";-2,03;-2,446;4,381;6,631;-2,945
"important";0,551;5,063;-2,696;-3,877;0,442
"flambeau";3,016;1,973;-3,197;0,569;-3,241
"fer";21,413;-2,938;-1,379;-2,731;0,037
"faux";-2,234;27,16;-1,131;-0,645;-3,241
"dîner";-0,422;-0,828;15,578;-0,651;-3,032
"découverte";-1,112;15,643;-0,719;-1,396;-0,752
"créateur";-3,872;-0,999;-5,54;-2,217;41,331
"couper";0,188;-2,201;0;8,253;-2,65
"commerce";-1,644;19,842;0;-0,651;-5,319
"chasser";4,374;-3,184;1,927;-0,082;-1,674
"capitale";0;-0,098;-1,337;5,022;-0,374
"bâtir";-2,643;-3,184;-3,781;57,699;-3,834
"beauté";-0,313;5,063;0,478;-1,8;-1,163
"abuser";1,817;-0,147;-1,633;-0,082;0,487
"éclairé";0,77;1,39;-2,425;0,001;-0,142
"vil";3,856;0,691;-2,905;0,887;-2,945
"tyran";12,671;-3,923;-4,659;-3,647;6,853
"touchant";-0,313;2,68;-2,696;-1,8;3,339
"surprise";-3,461;-2,042;3,452;0,291;0,442
"statue";-3,256;-1,819;-2,425;20,738;0,049
"salutaire";-0,472;-2,692;-3,197;-2,502;29,328
"robe";-0,621;-0,97;-0,231;12,729;-1,416
"retourner";-1,112;-1,6;28,726;-1,396;-4,427
"punir";1,246;0,691;-0,034;0,016;-2,945
"prêtre";-0,131;-1,6;0,155;-3,418;8,085
"promener";-1,112;-1,6;-0,719;7,971;0,137
"prix";-0,019;1,037;0,521;-0,082;-1,674
"peindre";-0,942;-1,385;-4,074;-1,199;25,077
"patron";-2,234;-2,692;38,187;-2,502;-3,241
"ombre";1,39;-3,43;-1,893;-1,199;9,534
"obliger";-1,112;-1,6;0,155;-0,264;4,95
"nouvelle";-1,464;0,169;3,452;1,362;-5,021
"moral";0,008;5,063;-1,121;-3,877;0,442
"moitié";-1,286;-0,007;-0,914;10,635;-0,952
"imaginer";-2,438;7,079;-0,231;0,342;-1,416
"héros";-0,019;-1,174;-3,781;-0,082;11,251
"généreux";0,008;-0,665;-2,696;-1,8;12,749
"fuir";-0,942;-3,43;-0,008;-3,189;19,077
"françois";-0,942;17,854;-4,074;0,955;-4,13
"fait";-0,019;5,854;-1,633;-1,008;0,001
"faim";-1,112;0,002;1,029;-0,264;0,137
"différent";-2,643;20,442;-3,781;1,314;-3,834
"concevoir";-2,643;5,854;-1,633;0,184;0,001
"cendre";1,046;-0,375;-4,366;-3,418;11,984
"ajouter";3,856;5,894;-2,905;-2,274;-0,921
"voile";-2,234;-0,773;1,231;-0,645;3,267
"vin";-1,623;-1,955;12,738;0,228;-2,354
"village";-1,112;-1,6;8,275;0,024;-0,752
"valet";-0,131;-1,6;22,457;-1,396;-4,427
"vain";4,374;0,101;-3,781;0,184;-0,397
"tombeau";3,401;-1,71;-2,031;0,476;0,139
"sourire";-0,472;-0,773;1,231;-0,645;1,179
"soumettre";26,799;-0,375;-4,366;-3,418;-0,062
"sauver";-0,21;-2,201;5,691;0,085;-0,69
"ruine";-2,03;-0,586;-0,893;0,016;7,973
"richesse";0,008;12,086;-1,121;-0,511;-2,755
"respecter";9,608;-3,677;-0,719;-1,396;0,976
"rentrer";0;1,446;-1,379;1,77;-1,416
"prétendre";0,693;-1,71;1,681;-0,081;-0,282
"préparer";-0,107;-1,955;3,502;0,228;-0,474
"préjugé";-2,234;45,35;-3,197;-2,502;-3,241
"prison";0,77;-1,819;2,098;-0,381;-0,142
"perfectionner";-2,643;35,077;-3,781;-1,008;-1,674
"parcourir";-3,052;7,023;-2,157;0,024;0,137
"paqueter";-3,256;-3,923;55,656;-3,647;-4,724
"pagode";-0,607;-0,732;-0,869;0,441;3,314
"nourrir";0,863;-0,773;-0,115;-2,502;3,267
"mêler";6,822;-0,252;0,304;-3,189;-0,566
"multitude";-1,112;-1,6;-2,157;12,185;0,137
"mouvement";8,037;-0,147;-0,374;-1,008;-0,397
"ministre";1,046;0,002;-4,366;0,674;0,137
"marché";1,246;-0,586;1,779;0,016;-2,945
"jaloux";5,32;-2,938;-1,379;0,342;0,037
"guérir";-2,234;4,692;3,362;-2,502;-1,164
"fonder";8,347;-0,514;-4,659;1,748;-0,952
"fidèle";0,109;7,023;0,155;-1,396;-4,427
"entourer";1,924;-1,221;0,888;-1,135;-0,021
"ennemi";3,016;0,414;-0,115;-2,502;-0,128
"cours";-0,621;3,731;-3,489;0,342;0,037
"coucher";-2,438;-2,938;-0,231;-2,731;25,293
"considérer";-3,052;-0,375;-2,157;30,173;-2,207
"bord";3,016;-0,014;1,231;-0,645;-3,241
"bonté";-1,112;0,002;-2,157;-3,418;16,648
"antique";0,77;-0,514;-2,425;0,457;0,674
"agréable";-1,827;1,083;0,616;0,085;-0,69
"achever";1,39;-1,385;1,425;0,955;-4,13
"accompagner";0;-0,97;-0,231;-0,822;5,131
"étendue";0,77;1,39;-2,425;0,457;-0,952
"épouvantable";-0,778;-1,174;1,927;-0,082;0,487
"élancer";-2,438;-2,938;-3,489;-2,731;41,104
"éclat";-0,778;-1,174;-0,374;-0,082;7,237
"volume";-1,013;0,001;-0,017;5,74;-1,47
"vice";0,863;0,414;-1,131;-0,645;0,133
"trésor";-0,472;-0,773;1,231;-2,502;3,267
"tourner";0,366;1,037;-1,633;-0,082;0,001
"talent";0,109;3,99;-4,366;0,674;-0,752
"santé";2,453;-1,955;0,03;-0,19;0,025
"rougir";-1,623;-0,256;3,502;-0,19;0,025
"rome";-0,107;-0,256;3,502;0,228;-2,354
"retrouver";-0,472;-0,773;10,773;-2,502;-0,128
"retirer";0,015;-0,773;0,148;-0,001;0,133
"ressembler";5,32;-2,938;-1,379;4,311;-1,416
"reposer";1,246;-2,446;-2,905;-0,478;7,973
"proposer";0,366;0,101;0,003;1,314;-3,834
"prononcer";1,817;-0,147;-0,374;-0,082;0,001
"poids";0,073;0,691;-2,905;3,092;-0,921
"placer";-3,052;-3,677;-4,366;7,971;8,085
"nu";0,192;-0,976;1,748;-0,907;0,012
"musique";0,073;0,001;-0,034;-0,478;0,307
"monstre";17,308;-2,692;-1,131;-0,645;-0,128
"marque";-0,621;3,731;-1,379;-0,822;0,78
"joli";-1,827;-2,201;15,892;-0,325;-0,69
"globe";-2,847;2,324;-1,893;-3,189;9,534
"forcer";12,805;-1,174;-1,633;-1,008;0,001
"faveur";3,856;-2,446;-0,034;0,887;-0,921
"face";3,016;-0,014;-3,197;-0,001;0,133
"exposer";-0,942;8,265;-0,008;-1,199;-0,566
"exercer";6,822;-3,43;-0,008;-0,163;-0,013
"entretenir";-2,847;-3,43;-1,893;2,782;9,534
"dur";8,037;-1,174;-1,633;1,314;-1,674
"demeurer";-0,942;-3,43;1,425;0,955;0,278
"curiosité";-3,256;-0,007;0,718;0,001;0,674
"criminel";24,016;-1,819;-4,659;-0,381;-0,142
"cabinet";-1,112;-0,375;0,155;7,971;-2,207
"barrière";3,856;-2,446;-0,893;3,092;-0,921
"baiser";0;-2,938;8,925;-2,731;0,037
"auprès_de";-0,131;-3,677;16,959;-0,264;-2,207
"attention";-3,052;7,023;0,155;0,024;-2,207
"arme";0,693;-0,125;4,857;-1,59;-2,059
"allumer";1,246;0,001;-2,905;-2,274;4,273
"acteur";-1,013;-1,221;0,888;5,74;-1,47
"académicien";-2,643;1,037;-3,781;6,654;0,001
"élève";1,924;1,325;-1,45;-1,135;-0,021
"édifice";-0,778;1,037;-3,781;10,864;-1,674
"trembler";-1,623;-1,955;1,046;0,228;1,005
"travers";-1,42;0,359;1,681;-0,081;-0,282
"superbe";-0,778;-0,147;-3,781;22,367;-1,674
"sottise";-1,216;-1,465;0,41;9,281;-1,764
"sommeil";0;-0,97;-3,489;-0,822;13,302
"soir";-0,942;-3,43;1,425;5,563;-0,566
"satisfaire";-2,847;-3,43;-0,538;5,563;3,268
"répéter";-2,438;-2,938;-3,489;1,77;13,302
"réponse";-0,607;-0,732;0,205;4,635;-0,881
"respectable";2,941;-0,375;-2,157;0,024;0,137
"refuser";3,016;-0,014;-1,131;-0,645;0,133
"rassembler";-2,643;20,442;-3,781;1,314;-3,834
"rage";0,015;0,414;-1,131;-0,001;0,133
"quitter";0,214;-3,43;6,144;-0,163;-0,566
"projet";0,015;4,692;-3,197;0,569;-1,164
"pococurante";-2,438;-0,97;33,2;-2,731;-3,537
"piastre";-2,438;-2,938;41,675;-2,731;-3,537
"paix";0,366;-1,174;-3,781;-1,008;11,251
"oeuvre";-3,052;15,643;-2,157;0,024;-0,752
"neuf";-0,107;4,711;-0,456;-1,818;0,025
"montagne";0,863;-2,692;-0,115;2,351;-0,128
"marchand";-2,234;-2,692;38,187;-2,502;-3,241
"léger";1,046;-1,6;-2,157;7,971;-0,752
"jambe";-1,42;-0,125;-2,031;21,084;-2,059
"intelligence";-0,621;0,224;-3,489;-2,731;13,302
"inconnu";-2,847;0,03;-1,893;13,988;-0,566
"espérer";-2,03;-0,586;4,381;-2,274;1,717
"empêcher";-0,334;-0,586;-0,034;11,503;-2,945
"emploi";-0,778;0,101;-3,781;6,654;0,001
"couronne";-0,131;-3,677;-4,366;0,674;11,984
"couler";-0,621;-2,938;-0,231;-0,822;13,302
"contempler";-0,019;-3,184;-3,781;3,47;4,105
"consulter";0,192;0,074;-1,159;0,114;0,012
"constantinople";-0,778;-3,184;36,651;-2,96;-3,834
"condamner";0;0,721;-0,115;0,883;-1,764
"combattre";18,678;-0,147;-3,781;-0,082;-1,674
"cas";-0,778;2,954;-3,781;6,654;-1,674
"bizarre";0,036;0,001;-1,45;5,74;-1,47
"bel";4,926;1,083;-0,666;-2,046;-0,69
"battre";0,015;-2,692;-0,115;-0,001;3,267
"arracher";1,246;-0,586;-0,893;-2,274;4,273
"amener";-0,621;0,224;5,262;-0,822;-1,416
"aise";-2,847;-3,43;-0,008;33,781;-4,13
"acheter";-1,623;-1,955;12,738;0,228;-2,354
"également";0,384;4,711;-0,456;-0,19;-2,354
"écraser";-2,03;-2,446;-2,905;6,631;4,273
"vif";-0,621;-0,97;-0,231;-0,822;8,739
"troupe";-2,234;-2,692;-0,115;9,552;0,133
"terreur";-2,03;-2,446;-2,905;-2,274;34,226
"terme";-2,438;11,49;2,561;-2,731;-3,537
"séparer";1,39;0,721;-0,538;-3,189;0,278
"suffire";0,384;-0,256;-2,322;5,3;-0,474
"souvenir";1,246;-2,446;1,779;-0,478;-0,041
"signe";-0,107;-0,256;0,03;0,228;0,025
"scène";-2,03;0,691;-2,905;0,016;4,273
"sagesse";0,214;0,721;-4,074;-3,189;5,991
"révérend";-2,03;-2,446;34,701;-2,274;-2,945
"réunir";-0,065;17,854;-1,893;-0,163;-4,13
"réflexion";-0,778;1,037;0,521;-1,008;0,001
"réel";1,39;0,721;-4,074;0,955;-0,566
"revoir";-0,942;-3,43;25,486;-1,199;-1,938
"renfermer";-2,847;2,324;-0,538;5,563;-1,938
"rare";1,76;-0,412;0;0,085;-0,69
"puissance";12,805;-1,174;-3,781;-2,96;1,856
"prévenir";-0,607;0,36;-0,869;0,441;0,194
"providence";-0,032;-0,125;0,152;-1,59;1,629
"propos";-0,21;1,083;-0,666;1,326;-0,69
"plaindre";3,016;-2,692;1,231;-2,502;0,133
"pitié";2,35;-0,065;0,045;-2,731;0,037
"philosophie";0,073;-2,446;-0,034;0,887;0,307
"pain";-0,019;-3,184;11,477;-2,96;0,001
"opinion";9,488;3,731;-3,489;-2,731;-1,416
"obscur";9,693;-0,976;-1,159;0,114;-1,175
"mépris";0,384;-1,955;0,03;0,228;0,025
"méchant";0,384;-0,256;-0,456;-0,19;1,005
"marbre";-2,438;0,224;-0,231;4,311;-0,249
"malade";4,732;-1,465;0,41;-0,013;-1,764
"louis";-2,438;-2,938;-0,231;33,698;-3,537
"lier";-0,472;8,57;-1,131;-0,001;-1,164
"jeu";-0,778;-3,184;0,003;3,47;0,487
"italie";-0,472;-2,692;22,381;-2,502;-1,164
"infini";-2,643;-3,184;-3,781;0,184;21,924
"hôte";-1,216;-1,465;6,759;-0,013;-0,124
"habiter";0,188;-2,201;-0,666;8,253;-0,69
"habit";-0,472;-2,692;-1,131;21,606;-1,164
"gouverneur";-1,42;-1,71;24,261;-1,59;-2,059
"flatter";0,188;-0,412;-2,613;-2,046;9,965
"faute";0,384;9,381;-0,456;-1,818;-2,354
"fatiguer";0,384;0,149;-0,456;-0,19;0,025
"estimer";-2,03;2,655;-2,905;-2,274;7,973
"embarquer";-2,03;-0,586;19,112;-2,274;-0,921
"désir";13,38;-2,446;-0,034;-0,478;-0,921
"douceur";0,863;1,973;-3,197;-0,645;0,133
"disposer";17,308;-0,773;-3,197;-2,502;0,133
"disparaître";7,9;-0,586;-0,034;-2,274;-0,041
"corneille";0;-1,465;-1,74;3,972;0,389
"conversation";-2,438;-0,065;0,045;7,963;-1,416
"contenir";-0,334;0,001;-2,905;11,503;-0,921
"coin";-0,472;-2,692;-1,131;2,351;3,267
"civil";5,32;-0,065;-3,489;0,342;-0,249
"champ";-0,472;-0,014;-0,115;2,351;-0,128
"causer";8,037;-1,174;0,003;-0,082;-1,674
"bannir";-1,42;11,975;-2,031;-0,081;-0,282
"avantage";-0,019;2,954;0,003;0,184;-3,834
"attirer";0,015;-0,014;-3,197;9,552;-1,164
"appartement";-2,03;-0,586;-2,905;34,123;-2,945
"admirable";5,32;0,224;-0,231;-0,822;-1,416
"abus";0,863;13,607;-3,197;-0,645;-3,241
"absolument";-0,621;-0,065;0,045;4,311;-1,416
"île";-1,013;5,193;-0,017;0,008;-1,47
"vengeance";0,577;-2,938;-3,489;-0,822;13,302
"veiller";2,453;0,149;-2,322;-0,19;0,025
"tyrannie";38,127;-0,97;-3,489;-2,731;-1,416
"turc";1,246;0,001;1,779;-0,478;-2,945
"tronc";-1,42;0,359;-2,031;2,774;0,139
"troisième";-1,216;-1,465;2,625;0,883;-0,124
"tribut";28,645;-2,446;-2,905;0,016;-2,945
"traîner";-0,21;-0,412;0;4,049;-0,69
"système";-2,03;10,408;-0,034;-2,274;-0,041
"suprême";-0,778;-1,174;-3,781;-1,008;21,924
"sommet";-1,623;-0,256;-2,322;5,3;1,005
"semblable";1,76;-0,412;-2,613;0,085;0,584
"salon";-1,216;-0,033;0,41;0,883;-0,124
"saient";-2,234;4,692;1,231;-0,645;-1,164
"répliquer";-2,234;1,973;6,543;-2,502;-1,164
"rencontre";-0,107;-0,256;-0,456;-0,19;3,415
"rayon";-1,827;-2,201;-2,613;0,085;15,635
"puissant";0,585;-0,732;0,205;-0,68;0,194
"postérité";-0,778;1,037;-3,781;-2,96;11,251
"portrait";-1,42;0,359;-2,031;6,974;-0,282
"plume";1,172;-0,033;0,41;-1,362;-0,124
"plonger";-0,21;-0,412;-2,613;1,326;2,439
"patience";-2,234;-0,014;-1,131;-0,001;6,397
"oiseau";-1,42;-0,125;0,152;-0,081;1,629
"observer";-2,643;1,037;-1,633;6,654;-0,397
"métier";0,384;-0,256;7,4;-1,818;-2,354
"mépriser";8,157;-1,71;0,152;-1,59;-0,282
"morceau";-2,03;0,001;-2,905;0,887;4,273
"magnifique";-2,643;0,101;-3,781;16,102;-0,397
"louer";-0,778;-3,184;22,287;-1,008;-1,674
"instruire";0,015;1,973;-3,197;-0,001;0,133
"grossier";-0,472;-0,773;-3,197;21,606;-1,164
"graver";3,016;1,973;-1,131;-0,645;-1,164
"fleuve";-0,81;-0,976;-1,159;-0,907;13,657
"expérience";0,366;5,854;0,003;-1,008;-3,834
"exprimer";1,924;0,001;-1,45;-1,135;0,857
"expliquer";-1,827;3,542;2,513;-0,325;-2,65
"eldorado";-2,234;-2,692;29,759;-2,502;-1,164
"détail";-1,013;5,193;-1,45;1,543;-1,47
"dormir";-2,03;-0,586;0,33;11,503;-2,945
"domestique";-0,334;-2,446;19,112;-2,274;-0,921
"distinguer";3,016;0,414;-1,131;-2,502;0,133
"dignité";-2,03;2,655;-2,905;6,631;-0,921
"destiner";-0,21;-0,412;-2,613;1,326;2,439
"créer";2,453;-0,256;-2,322;0,228;0,025
"convenir";-0,472;1,973;1,231;-2,502;-0,128
"compter";-1,623;15,642;0,03;-1,818;-2,354
"compte";-2,03;10,408;-0,034;-0,478;-0,921
"colonne";-1,42;-0,125;-2,031;21,084;-2,059
"chien";0,192;2,352;-1,159;-0,907;0,012
"chapeau";-0,334;2,655;-2,905;3,092;-0,921
"chanter";-2,03;-2,446;13,048;0,016;-0,921
"cesse";0,073;0,001;-0,034;-0,478;0,307
"buenos";-1,623;-1,955;27,738;-1,818;-2,354
"ayres";-1,623;-1,955;27,738;-1,818;-2,354
"animer";-2,643;-3,184;-3,781;3,47;11,251
"amuser";-1,623;0,149;-0,456;0,228;1,005
"époux";0,585;-0,732;0,205;-0,68;0,194
"voyageur";-1,827;-2,201;15,892;-0,325;-0,69
"voeu";-0,607;-0,732;-0,869;-0,68;10,239
"traverser";-2,438;-2,938;0,822;18,606;-3,537
"séjour";-2,03;-0,586;-2,905;0,887;7,973
"surprendre";-0,621;11,49;-0,231;-0,822;-1,416
"supplice";1,172;-1,465;-1,74;-0,013;2,559
"superstition";14,962;-1,71;-2,031;-1,59;0,139
"sot";-0,032;-1,71;-2,031;2,774;1,629
"solitaire";-1,42;-1,71;-2,031;-1,59;23,929
"réduire";5,32;-0,97;0,822;-2,731;-0,249
"récompense";0,036;5,193;-1,45;-1,135;-0,021
"rival";0,073;0,691;-0,034;0,887;-2,945
"revêtir";-0,107;0,149;-2,322;-0,19;3,415
"renverser";0,188;-2,201;-0,666;8,253;-0,69
"remercier";-2,03;2,655;1,779;-2,274;-0,041
"recueillir";-0,21;-0,412;-0,666;-2,046;9,965
"rapporter";0;3,531;-0,115;-1,362;-0,124
"prodigieux";0;3,531;-1,74;0,883;-1,764
"poursuivre";1,246;-2,446;-0,893;-0,478;4,273
"poison";7,9;0,001;-2,905;-2,274;0,307
"plat";-0,032;-0,125;1,681;0,476;-2,059
"passager";-0,472;-2,692;0,148;-2,502;10,567
"passage";0,188;-0,412;0,616;1,326;-2,65
"parent";11,969;-1,955;-2,322;-0,19;0,025
"ordonner";-0,334;10,408;0,33;-2,274;-2,945
"opéra";0;-1,465;0,41;0,883;-0,124
"officier";-1,827;0,04;2,513;1,326;-2,65
"obtenir";1,76;-0,412;0,616;-2,046;-0,001
"multiplier";0,073;2,655;-2,905;0,016;-0,041
"mortel";-0,107;1,634;-2,322;0,228;0,025
"merveilleux";-2,234;19,804;-3,197;-0,001;-1,164
"majestueux";-2,438;-0,97;-3,489;-0,822;25,293
"magnificence";-2,438;-2,938;-3,489;18,606;0,78
"magistrat";-0,621;16,964;-3,489;-0,026;-1,416
"humeur";8,157;-0,125;0,152;-1,59;-2,059
"glaive";29,172;-2,938;-3,489;-0,822;-0,249
"frais";-0,21;-2,201;2,513;4,049;-2,65
"finir";-0,21;7,417;-0,666;-2,046;-0,001
"espérance";-0,032;-0,125;0,152;-0,081;0,139
"envie";-1,827;1,083;-0,666;-0,325;2,439
"effacer";-0,621;1,446;-3,489;4,311;-0,249
"droite";0,693;-1,71;-2,031;0,476;1,629
"difficile";3,016;-0,014;-3,197;-2,502;3,267
"daigner";6,315;-1,955;-2,322;-1,818;3,415
"cour";-1,827;0,04;0;4,049;-0,69
"consoler";-1,216;-1,465;6,759;-1,362;0,389
"consacrer";11,239;-0,773;-3,197;-0,645;0,133
"compagnie";-0,81;-0,976;13,847;-0,907;-1,175
"communiquer";1,246;2,655;-0,893;-0,478;-0,921
"commandant";-1,623;-1,955;27,738;-1,818;-2,354
"charme";-0,472;-2,692;-3,197;-0,645;22,033
"canon";-0,107;-0,256;0,03;1,931;-0,474
"cadavre";4,926;0,04;-2,613;-2,046;0,584
"but";-2,234;4,692;-3,197;-0,645;3,267
"briser";0,384;-0,256;-2,322;0,228;1,005
"briller";-2,234;-0,014;-0,115;-0,645;6,397
"bouche";0,036;-1,221;4,061;-1,135;-0,021
"borne";1,76;-0,412;-2,613;-0,325;2,439
"aspect";-2,234;0,414;-3,197;5,345;0,133
"appliquer";-0,472;8,57;-3,197;-0,645;0,133
"allemand";-1,42;-1,71;16,147;-1,59;-0,282
"ôter";-1,827;0,04;0;-0,325;2,439
"éteindre";1,76;3,542;-2,613;-0,325;-0,69
"établir";0,073;2,655;-0,893;0,016;-0,921
"épargner";-1,623;-0,256;-2,322;5,3;1,005
"volonté";39,688;-1,955;-2,322;-1,818;-2,354
"voiture";-2,03;0,001;-2,905;17,709;-0,921
"violer";0,585;-0,732;3,375;-0,68;-0,881
"veille";7,9;-2,446;-2,905;-2,274;4,273
"unir";0,188;-0,412;-0,666;-0,325;2,439
"transporter";-0,21;3,542;-0,666;-0,325;-0,001
"transport";-2,234;-0,773;-1,131;-2,502;22,033
"sûr";23,814;-1,71;-2,031;-0,081;-2,059
"sénat";14,962;-1,71;-2,031;-1,59;0,139
"sucre";-1,013;-1,221;4,061;1,543;-1,47
"st";-2,03;-0,586;4,381;3,092;-2,945
"sol";9,693;0,074;-1,159;-0,907;-1,175
"révolution";28,645;-2,446;-2,905;-2,274;-0,041
"rocher";0,036;-1,221;-1,45;0,008;3,979
"repas";-1,42;-0,125;9,679;-1,59;-0,282
"relever";10,681;-1,465;-0,115;-1,362;-0,124
"race";0,192;2,352;-1,159;0,114;-1,175
"quoiqu";-1,827;19,414;0;-2,046;-2,65
"périgourdin";-2,03;-2,446;34,701;-2,274;-2,945
"prélat";-1,623;0,149;-2,322;-1,818;12,527
"prodige";-0,107;0,149;-0,456;-0,19;1,005
"prière";-0,334;5,894;-2,905;-0,478;0,307
"posséder";3,856;2,655;-0,893;-2,274;-0,921
"plante";11,969;-0,256;-2,322;0,228;-2,354
"physionomie";-2,03;-2,446;-0,893;11,503;0,307
"peur";-0,107;-1,955;3,502;-0,19;0,025
"percer";0,192;2,352;-1,159;0,114;-1,175
"parfaitement";-2,234;8,57;-1,131;0,569;-1,164
"parer";0,073;-2,446;-2,905;3,092;1,717
"ornement";-1,623;-1,955;-2,322;5,3;3,415
"orateur";-1,827;-0,412;0,616;-0,325;2,439
"nègre";-0,032;-1,71;1,681;0,476;-0,282
"nombreux";-1,827;0,04;-2,613;8,253;-0,001
"moine";-1,827;-2,201;22,914;-2,046;-0,69
"mine";0,384;-0,256;-0,456;-0,19;1,005
"merveille";-1,827;3,542;-0,666;-0,325;0,584
"masse";-1,013;11,606;-1,45;0,008;-1,47
"lieue";-1,623;0,149;0,03;5,3;-2,354
"large";0,585;-0,732;0,205;0,441;-0,881
"inviter";-1,42;6,284;1,681;-1,59;-2,059
"intéresser";-1,623;15,642;-2,322;-0,19;-0,474
"instrument";-1,216;-1,465;-1,74;0,883;6,635
"informer";0,384;1,634;0,03;-1,818;-0,474
"industrie";20,294;-2,446;-2,905;-2,274;0,307
"imposer";-0,032;0,359;-2,031;-0,081;1,629
"ignorance";6,315;0,149;-2,322;-0,19;-0,474
"hollandais";-0,21;-2,201;22,914;-2,046;-2,65
"habile";0,073;2,655;-0,893;-0,478;-0,041
"goûter";-0,334;-2,446;-0,893;-2,274;18,809
"gouverner";3,016;1,973;-1,131;-0,645;-1,164
"genou";1,76;-2,201;0;-2,046;2,439
"gauche";-1,42;-1,71;-0,268;0,476;4,754
"funèbre";-0,472;-2,692;-3,197;21,606;-0,128
"fou";0,384;-0,256;0,03;-1,818;1,005
"forêt";0,384;-1,955;-2,322;-0,19;7,256
"foi";-0,107;-1,955;3,502;0,228;-0,474
"fléau";4,926;-0,412;-0,666;-0,325;-0,001
"flamme";-1,623;-1,955;-2,322;0,228;12,527
"fier";-0,472;-2,692;-1,131;-2,502;22,033
"feuille";-0,607;0,36;0,205;-0,68;0,194
"facile";0,693;6,284;-0,268;-1,59;-2,059
"exécuter";3,401;0,359;-0,268;-0,081;-2,059
"excellent";-1,623;1,634;7,4;-1,818;-2,354
"espagne";0,693;-1,71;4,857;-1,59;-0,282
"esclavage";16,041;-2,201;-2,613;-2,046;0,584
"entrée";-1,013;-1,221;-0,017;0,008;3,979
"ennui";0,036;-1,221;0,888;-1,135;0,857
"enlever";0,036;-1,221;4,061;0,008;-1,47
"déterminer";1,76;3,542;0;-2,046;-2,65
"désespoir";0,073;-2,446;-0,034;-2,274;7,973
"délivrer";-0,334;0,001;1,779;-2,274;0,307
"défaut";-1,827;27,536;-2,613;-0,325;-2,65
"décider";0,188;-0,412;-2,613;13,938;-2,65
"débris";-1,623;0,149;-2,322;0,228;3,415
"distance";-1,216;-0,033;-1,74;3,972;0,389
"demeure";-0,472;0,414;-0,115;-2,502;3,267
"cérémonie";0,073;-0,586;-0,893;6,631;-0,921
"cultiver";1,246;-2,446;0,33;0,016;-0,041
"conter";-1,827;-2,201;31,218;-2,046;-2,65
"comprendre";0,188;3,542;-2,613;0,085;-0,69
"clémence";-2,234;-0,773;-1,131;-2,502;22,033
"chrétien";0;-1,465;6,759;-1,362;-0,124
"choisir";-0,032;-0,125;-0,268;-1,59;4,754
"chaîne";1,246;-0,586;-2,905;0,887;0,307
"charmant";-0,21;0,04;0,616;1,326;-2,65
"cabaret";-2,234;-2,692;22,381;-0,001;-3,241
"bibliothèque";-1,013;1,325;0,888;0,008;-1,47
"avilir";16,041;-0,412;-2,613;0,085;-2,65
"antiquité";-2,03;10,408;-2,905;-0,478;0,307
"anabaptiste";-2,03;-2,446;34,701;-2,274;-2,945
"aile";-0,21;-2,201;-2,613;4,049;2,439
"accoutumer";1,76;1,083;-2,613;-0,325;-0,001
"accorder";1,172;-0,033;2,625;-1,362;-1,764
"accabler";9,686;-2,201;-0,666;-2,046;0,584
"étroit";-0,607;4,226;-0,869;0,441;-0,881
"équité";2,453;-0,256;-2,322;-0,19;1,005
"éloge";-1,013;0,001;-1,45;5,74;-0,021
"égorger";29,742;-1,465;-1,74;-1,362;-1,764
"à_coup";0,384;0,149;-2,322;-0,19;1,005
"zèle";-0,107;-0,256;-2,322;-1,818;12,527
"westphalie";-1,216;-1,465;12,813;-0,013;-1,764
"vêtir";-1,42;0,359;0,152;2,774;-2,059
"vénérable";-1,216;0,721;-1,74;0,883;0,389
"voûte";-1,216;-1,465;-1,74;-1,362;20,502
"voyager";-0,107;4,711;1,046;-1,818;-2,354
"ténèbres";-0,107;-1,955;-2,322;-0,19;12,527
"trépas";1,172;-1,465;-1,74;3,972;-0,124
"tendresse";-2,03;-0,586;-2,905;-2,274;25,945
"subsister";0,188;0,04;-2,613;8,253;-2,65
"souffle";-1,827;-0,412;-2,613;-2,046;22,577
"singulier";-1,216;3,531;-0,115;-0,013;-0,124
"singe";-1,42;-1,71;24,261;-1,59;-2,059
"serment";-0,107;-1,955;0,03;-1,818;7,256
"rose";0;-1,465;-0,115;-0,013;2,559
"respirer";8,157;-1,71;-2,031;2,774;-2,059
"repos";0,384;-0,256;-2,322;-1,818;7,256
"ramasser";-0,107;-1,955;19,518;-1,818;-2,354
"qualité";-0,21;12,708;-0,666;-2,046;-0,69
"périr";-1,216;-1,465;20,787;-1,362;-1,764
"puéril";8,157;2,412;-2,031;-1,59;-2,059
"près_de";-1,623;-1,955;-0,456;10,336;0,025
"procurer";-1,623;-0,256;1,046;5,3;-2,354
"principal";-1,623;9,381;-2,322;1,931;-2,354
"port";-1,827;-2,201;10,151;-2,046;0,584
"peser";-1,623;-0,256;1,046;5,3;-2,354
"personnage";-0,334;5,894;-0,034;-2,274;-0,041
"papier";-1,42;0,359;-2,031;6,974;-0,282
"paisible";4,926;-2,201;-2,613;-0,325;2,439
"orgueilleux";10,681;-0,033;-1,74;-0,013;-1,764
"oisiveté";1,924;-1,221;-0,017;1,543;-1,47
"muraille";-1,827;-2,201;-2,613;39,881;-2,65
"miracle";-1,42;6,284;-0,268;-0,081;-0,282
"marquis";-1,827;-2,201;22,914;-2,046;-0,69
"marquer";6,315;0,149;-2,322;-1,818;0,025
"marier";0;-1,465;-0,115;-0,013;2,559
"louange";-1,42;-0,125;-2,031;-1,59;15,904
"londres";0,192;-0,976;0,015;0,114;0,012
"langage";-1,42;-0,125;0,152;2,774;-0,282
"joindre";-1,013;1,325;-0,017;-1,135;0,857
"jacques";-0,21;-2,201;15,892;-0,325;-2,65
"italien";-0,81;2,352;1,748;-0,907;-1,175
"interrompre";3,856;0,691;-2,905;0,016;-0,921
"instruit";0,384;1,634;-0,456;-0,19;-0,474
"injuste";1,924;0,001;-1,45;0,008;-0,021
"ignorer";11,969;-0,256;-0,456;-1,818;-0,474
"honteux";19,416;-0,256;-2,322;-0,19;-2,354
"honorable";20,294;0,001;-2,905;-2,274;-0,921
"hasard";-1,216;0,721;2,625;-1,362;-0,124
"gémir";19,017;-1,465;-0,115;-1,362;-1,764
"grec";-1,623;4,711;-2,322;5,3;-2,354
"galerie";-0,107;-1,955;-0,456;17,036;-2,354
"galer";-1,013;-1,221;17,316;-1,135;-1,47
"fournir";-0,21;12,708;-2,613;0,085;-2,65
"fixer";-0,107;0,149;-2,322;5,3;-0,474
"examiner";-2,03;0,001;-0,034;11,503;-2,945
"entraîner";-1,013;1,325;-1,45;0,008;0,857
"engager";0,073;-0,586;8,138;-2,274;-0,921
"effroi";-0,21;-2,201;-2,613;-2,046;22,577
"délicieux";-1,623;-0,256;0,03;-1,818;7,256
"déchirer";-0,032;-1,71;-2,031;0,476;4,754
"dresser";-1,623;-1,955;-2,322;10,336;1,005
"diviser";0,192;0,074;0,015;0,114;-1,175
"divin";-1,827;-0,412;-2,613;-0,325;15,635
"dispute";-1,42;11,975;-0,268;-0,081;-2,059
"difficulté";10,681;-1,465;-0,115;-0,013;-1,764
"despotisme";6,315;0,149;-2,322;-1,818;0,025
"créature";1,172;-1,465;2,625;-1,362;-0,124
"coûter";2,453;-0,256;1,046;-0,19;-2,354
"coutume";0,384;1,634;-0,456;-0,19;-0,474
"content";-0,334;-0,586;4,381;-0,478;-0,041
"consumer";39,688;-1,955;-2,322;-1,818;-2,354
"confondre";1,76;-0,412;-2,613;1,326;-0,001
"confier";20,294;-0,586;-2,905;-2,274;-0,041
"confiance";1,76;-2,201;-0,666;-2,046;5,566
"conclure";-0,607;4,226;0,205;-0,68;-0,881
"compatriote";3,401;0,359;-2,031;-1,59;0,139
"cesser";-0,107;-0,256;0,03;-0,19;1,005
"carnaval";-1,623;-1,955;27,738;-1,818;-2,354
"bénir";-1,827;-2,201;0,616;-2,046;9,965
"attendrir";-1,827;-2,201;-0,666;-2,046;22,577
"atteindre";-1,623;32,942;-2,322;-1,818;-2,354
"assembler";7,9;-2,446;-0,034;0,016;-0,921
"anglois";-0,107;1,634;-2,322;1,931;-0,474
"amérique";-1,216;3,531;0,41;-1,362;-0,124
"amant";-1,623;-1,955;3,502;-1,818;3,415
"affliger";-0,21;-2,201;0;-2,046;9,965
"aborder";-1,827;-2,201;31,218;-2,046;-2,65
"abattre";1,924;5,193;-1,45;-1,135;-1,47
"événement";0,693;0,359;0,152;-0,081;-2,059
"étrange";-1,623;-0,256;12,738;-0,19;-2,354
"étouffer";0,693;-0,125;-2,031;-1,59;4,754
"énorme";-1,216;-1,465;0,41;3,972;-0,124
"éloquent";-0,21;-0,412;-2,613;-0,325;9,965
"église";-0,032;2,412;-0,268;-0,081;-0,282
"égarer";-1,42;11,975;-2,031;-0,081;-0,282
"vulgaire";0,384;-1,955;-2,322;1,931;1,005
"vraiment";-1,827;3,542;0;0,085;-0,69
"visite";0,384;0,149;1,046;-0,19;-2,354
"violent";-0,607;-0,732;0,205;0,441;0,194
"vanité";1,172;0,721;-0,115;-1,362;-0,124
"vainqueur";-0,107;0,149;-2,322;1,931;0,025
"tribunal";-1,42;28,813;-2,031;-1,59;-2,059
"tranquille";0,384;-1,955;-2,322;-1,818;12,527
"tonnerre";0;-1,465;-1,74;-1,362;12,616
"tempête";-0,032;-1,71;1,681;-1,59;1,629
"sérieux";-0,107;9,381;-2,322;0,228;-2,354
"surinam";-1,623;-1,955;19,518;-1,818;-0,474
"suffisant";-0,21;1,083;2,513;-0,325;-2,65
"style";-1,42;11,975;-2,031;-1,59;0,139
"souriant";0,384;-0,256;-0,456;-0,19;1,005
"solitude";-1,42;2,412;-2,031;-1,59;4,754
"sceptre";4,926;-2,201;-2,613;-2,046;5,566
"saluer";-0,032;-1,71;0,152;-1,59;4,754
"résister";1,924;1,325;-0,017;-1,135;-1,47
"réconnaissance";0,188;-0,412;-2,613;-2,046;9,965
"récompenser";-1,827;0,04;-2,613;-0,325;9,965
"rivage";-0,032;-1,71;16,147;-1,59;-2,059
"ressort";16,041;0,04;-2,613;-2,046;-0,69
"rempli";1,172;-0,033;-0,115;-0,013;-0,124
"redouter";10,681;-0,033;-1,74;-1,362;-0,124
"redoubler";-1,013;-1,221;4,061;0,008;-0,021
"rapport";-1,623;15,642;-0,456;-1,818;-0,474
"ramener";-0,107;-0,256;7,4;-1,818;-0,474
"quart";-0,81;-0,976;6,359;-0,907;0,012
"publier";1,76;3,542;-2,613;-0,325;-0,69
"prêter";-1,623;0,149;-2,322;5,3;0,025
"promettre";0;-1,465;2,625;-1,362;0,389
"production";-1,827;7,417;-2,613;4,049;-2,65
"pourvoir";-1,42;-1,71;1,681;6,974;-2,059
"portugal";-1,013;-1,221;17,316;-1,135;-1,47
"pont";-1,623;-1,955;-2,322;25,403;-0,474
"poliment";-1,42;-0,125;1,681;2,774;-2,059
"peintre";0,188;0,04;-2,613;4,049;-0,69
"pasteur";-1,827;-0,412;-2,613;-2,046;22,577
"parvenir";-1,216;8,461;-1,74;-0,013;-0,124
"origine";-0,032;0,359;-2,031;-0,081;1,629
"ordinaire";-1,216;0,721;-0,115;3,972;-1,764
"orage";0,585;-0,732;-0,869;-0,68;3,314
"opprobre";0,192;2,352;-1,159;-0,907;0,012
"néant";-1,216;0,721;-1,74;-1,362;6,635
"nez";-1,42;0,359;4,857;-1,59;-0,282
"mesure";-1,623;15,642;0,03;-1,818;-2,354
"maîtresse";-1,013;-1,221;17,316;-1,135;-1,47
"maudit";1,172;0,721;-0,115;-1,362;-0,124
"matin";-1,623;-0,256;1,046;-0,19;1,005
"lisbonne";-1,42;-1,71;24,261;-1,59;-2,059
"laid";0;-1,465;12,813;-1,362;-1,764
"intéressant";-1,827;0,04;-2,613;21,104;-2,65
"insolent";-1,42;0,359;-2,031;13,078;-2,059
"insensible";2,453;-1,955;-2,322;-1,818;7,256
"innocence";0,384;0,149;-0,456;-1,818;1,005
"ingénieux";9,693;-0,976;-1,159;-0,907;0,012
"impossible";-0,81;0,074;-1,159;2,646;0,012
"immortel";-1,013;-1,221;-1,45;-1,135;17,079
"imiter";-1,216;-1,465;-1,74;-1,362;20,502
"ignorant";-1,623;-1,955;0,03;-0,19;7,256
"hâter";-1,42;-1,71;-2,031;-0,081;15,904
"harmonie";-1,827;3,542;-2,613;0,085;0,584
"grave";-1,827;7,417;-0,666;1,326;-2,65
"giroflée";-1,827;-2,201;31,218;-2,046;-2,65
"fontaine";-1,216;-1,465;-0,115;-0,013;6,635
"exécution";0;3,531;-1,74;0,883;-1,764
"extravagant";-1,42;19,484;-2,031;-0,081;-2,059
"exister";-1,623;15,642;-2,322;-0,19;-0,474
"excellence";0,693;0,359;1,681;-1,59;-2,059
"etc";-1,216;-1,465;-0,115;9,281;-0,124
"estomac";0,036;0,001;-0,017;0,008;-0,021
"espace";-0,81;-0,976;-1,159;2,646;1,705
"ennuyer";-0,81;-0,976;-1,159;17,689;-1,175
"enfoncer";-1,623;-1,955;7,4;-1,818;1,005
"enfer";-0,032;-0,125;-0,268;-0,081;1,629
"endormir";-0,81;-0,976;-1,159;-0,907;13,657
"enchaîner";-1,216;0,721;2,625;-0,013;-1,764
"empreinte";-1,827;-0,412;-2,613;-0,325;15,635
"désirer";-1,42;-1,71;-2,031;6,974;1,629
"déguiser";0,693;2,412;-2,031;-0,081;-0,282
"dégoûter";-0,81;-0,976;1,748;0,114;0,012
"défigurer";-1,42;0,359;-0,268;-0,081;1,629
"divinité";-1,42;-0,125;-2,031;-1,59;15,904
"céder";0,693;0,359;-2,031;-0,081;0,139
"corrompre";9,686;3,542;-2,613;-2,046;-2,65
"conséquent";-1,013;1,325;-0,017;1,543;-1,47
"commander";1,172;3,531;-1,74;-1,362;-0,124
"combat";3,401;-1,71;-0,268;0,476;-0,282
"classe";1,172;-1,465;-1,74;3,972;-0,124
"chérir";0,188;-2,201;-2,613;-2,046;15,635
"chine";-1,216;3,531;-0,115;-1,362;0,389
"cheveu";0,693;-1,71;-0,268;-1,59;4,754
"chef_d_oeuvres";-1,013;0,001;-1,45;0,008;3,979
"chant";0;-1,465;-1,74;-1,362;12,616
"calme";0,693;-0,125;-2,031;-1,59;4,754
"caillou";0;-1,465;6,759;-1,362;-0,124
"bataille";0,693;-0,125;-2,031;6,974;-2,059
"avis";0;-1,465;6,759;-1,362;-0,124
"avance";-0,032;-1,71;-0,268;0,476;1,629
"autorité";39,688;-1,955;-2,322;-1,818;-2,354
"attaquer";-1,42;0,359;0,152;0,476;-0,282
"assurément";-1,42;-0,125;-0,268;13,078;-2,059
"artiste";-0,21;7,417;-2,613;0,085;-0,69
"amitié";-1,623;-0,256;-0,456;-1,818;12,527
"ambition";19,416;-1,955;-2,322;-1,818;0,025
"aisément";-1,623;-1,955;19,518;-1,818;-0,474
"aimable";3,401;-0,125;-2,031;-1,59;1,629
"affecter";-0,032;-1,71;-2,031;0,476;4,754
"affable";0,693;-0,125;-2,031;-1,59;4,754
"accuser";6,315;-1,955;-0,456;-1,818;1,005
"accomplir";1,172;-0,033;-1,74;-0,013;0,389
"évêque";-1,013;0,001;-1,45;12,599;-1,47
"étonnement";-1,216;-0,033;-1,74;16,808;-1,764
"épais";-1,013;1,325;-1,45;-1,135;3,979
"émouvoir";-1,42;-0,125;0,152;0,476;0,139
"égalité";14,293;-1,221;-1,45;-1,135;-0,021
"éducation";1,172;-0,033;-1,74;-1,362;2,559
"échauffer";0;0,721;-0,115;-1,362;0,389
"vêtement";0,192;0,074;-1,159;0,114;0,012
"volupté";-0,107;-0,256;-2,322;-1,818;12,527
"voltaire";-0,032;-1,71;-2,031;21,084;-2,059
"voleur";9,693;-0,976;0,015;-0,907;-1,175
"vert";0,585;-0,732;0,205;0,441;-0,881
"vent";-0,81;0,074;1,748;0,114;-1,175
"tristement";-1,623;-1,955;-0,456;-0,19;12,527
"tracer";0,036;-1,221;-1,45;5,74;-0,021
"tourmenter";0,192;-0,976;0,015;-0,907;1,705
"théatin";-1,42;-1,71;24,261;-1,59;-2,059
"tempérament";19,416;-0,256;-2,322;-0,19;-2,354
"sévère";-1,42;-1,71;-2,031;6,974;1,629
"surpasser";-1,42;2,412;-2,031;-0,081;1,629
"succéder";-0,81;-0,976;-1,159;2,646;1,705
"soupirer";-1,623;-1,955;-2,322;-1,818;27,359
"soulager";6,676;0,001;-1,45;0,008;-1,47
"solide";-1,013;0,001;0,888;-1,135;0,857
"siège";-1,42;-1,71;-0,268;6,974;0,139
"situer";0,693;-1,71;-0,268;6,974;-2,059
"signifier";0;-1,465;0,41;3,972;-1,764
"seconde";-1,623;-0,256;-0,456;-0,19;7,256
"sauter";0;-1,465;2,625;-0,013;-0,124
"sain";6,315;-0,256;-2,322;0,228;-0,474
"rêve";5,334;0,36;-0,869;-0,68;-0,881
"résoudre";-0,607;-0,732;3,375;-0,68;0,194
"réparer";0,036;0,001;0,888;0,008;-1,47
"ruiner";0;-1,465;-1,74;3,972;0,389
"risible";-1,013;0,001;-1,45;12,599;-1,47
"rappeler";0,693;-1,71;-0,268;-1,59;4,754
"précipiter";-0,032;-1,71;-2,031;-0,081;9,512
"prosterner";-1,42;-1,71;0,152;-1,59;9,512
"pousser";-1,013;-1,221;-1,45;-1,135;17,079
"possession";6,315;0,149;-2,322;-1,818;0,025
"portoient";0,693;2,412;-2,031;0,476;-2,059
"plan";-1,42;2,412;-2,031;6,974;-2,059
"peupler";-0,107;0,149;-2,322;10,336;-2,354
"persuader";0;0,721;-0,115;-1,362;0,389
"peinture";-1,623;0,149;-0,456;0,228;1,005
"paysan";0,693;-0,125;-2,031;0,476;0,139
"pardonner";23,814;-1,71;-2,031;-1,59;-0,282
"pape";0,192;0,074;0,015;-0,907;0,012
"page";-0,607;-0,732;-0,869;13,262;-0,881
"ouvert";-0,032;-1,71;-2,031;0,476;4,754
"oreillon";-1,42;-0,125;16,147;-1,59;-2,059
"opération";0,384;9,381;-2,322;-1,818;-0,474
"opposer";3,152;0,074;-1,159;-0,907;0,012
"nécessairement";3,401;-0,125;1,681;-1,59;-2,059
"noblesse";-0,81;2,352;-1,159;0,114;0,012
"mourant";-1,013;-1,221;-0,017;1,543;0,857
"membre";0;0,721;-0,115;-0,013;-0,124
"matelot";0,585;-0,732;3,375;-0,68;-0,881
"législation";-1,42;28,813;-2,031;-1,59;-2,059
"lune";-0,81;0,074;-1,159;-0,907;6,253
"lumineux";2,453;0,149;-2,322;-1,818;1,005
"lien";0,585;0,36;-0,869;-0,68;0,194
"leçon";-1,42;0,359;-0,268;2,774;-0,282
"lecture";0,192;2,352;-1,159;0,114;-1,175
"iv";-1,623;-1,955;-0,456;-0,19;12,527
"intérieur";-1,42;-1,71;-2,031;21,084;-0,282
"intime";-1,42;0,359;-0,268;-1,59;4,754
"interroger";-0,607;-0,732;0,205;0,441;0,194
"impression";-1,623;-0,256;-2,322;-1,818;19,228
"importer";-1,216;0,721;0,41;0,883;-1,764
"imagination";-1,013;0,001;-1,45;-1,135;9,386
"hôtellerie";-1,42;-1,71;24,261;-1,59;-2,059
"horizon";-0,81;-0,976;0,015;0,114;1,705
"hommage";-0,032;-1,71;-2,031;-0,081;9,512
"henri";-1,216;-1,465;-0,115;-1,362;12,616
"haine";0;0,721;-1,74;-1,362;2,559
"gorge";-1,216;-1,465;12,813;-1,362;-0,124
"geste";-1,42;-1,71;-2,031;-1,59;23,929
"garde";6,676;-1,221;-1,45;-1,135;0,857
"félicité";-1,623;1,634;-2,322;0,228;1,005
"fécond";6,315;0,149;-2,322;-1,818;0,025
"fortuné";0,036;0,001;-1,45;-1,135;3,979
"folie";-1,216;15,513;-0,115;-1,362;-1,764
"favoriser";-1,623;1,634;-0,456;-1,818;3,415
"fauteuil";-1,623;-1,955;-0,456;25,403;-2,354
"fardeau";3,401;-1,71;-2,031;-1,59;4,754
"fable";-0,107;-0,256;-2,322;-1,818;12,527
"extrémité";-0,607;-0,732;0,205;4,635;-0,881
"extraordinaire";-1,216;3,531;2,625;-1,362;-1,764
"expression";-0,032;2,412;-2,031;-0,081;0,139
"entrailles";2,453;-0,256;-2,322;-1,818;3,415
"engloutir";0;-1,465;-0,115;3,972;-0,124
"enfermer";4,732;-0,033;-1,74;-0,013;-0,124
"détestable";2,453;-1,955;1,046;-1,818;0,025
"déposer";14,853;-0,732;-0,869;-0,68;-0,881
"déplorable";3,401;-1,71;-2,031;0,476;0,139
"dédaigner";4,732;-1,465;-1,74;-1,362;2,559
"doré";-1,623;-1,955;0,03;10,336;-0,474
"doigt";-0,032;-1,71;0,152;-0,081;1,629
"deviner";-1,623;-1,955;1,046;10,336;-2,354
"destruction";0;-0,033;-1,74;-1,362;6,635
"côte";0,036;-1,221;9,537;-1,135;-1,47
"converser";0,693;2,412;-2,031;-0,081;-0,282
"convenable";-1,42;28,813;-2,031;-1,59;-2,059
"complaisance";-1,013;1,325;-0,017;1,543;-1,47
"clair";-1,216;0,721;-1,74;-1,362;6,635
"chambre";-1,216;-1,465;2,625;3,972;-1,764
"cercle";-1,013;0,001;-1,45;5,74;-0,021
"centre";0,693;-0,125;-2,031;-0,081;1,629
"branche";0;0,721;-1,74;-1,362;2,559
"borné";0,384;-1,955;-2,322;-1,818;12,527
"bordeaux";-1,623;-0,256;19,518;-1,818;-2,354
"boeuf";1,924;-1,221;-1,45;1,543;-0,021
"base";-1,42;6,284;-2,031;-1,59;1,629
"aveugle";19,416;-1,955;-2,322;-1,818;0,025
"autrement";-1,216;-1,465;12,813;-1,362;-0,124
"attentivement";-1,623;-1,955;7,4;-0,19;0,025
"attentif";-0,107;-0,256;-2,322;17,036;-2,354
"assiéger";0,036;-1,221;-1,45;1,543;0,857
"arrêt";-1,013;5,193;-1,45;0,008;-0,021
"applaudir";0,693;0,359;-2,031;-1,59;1,629
"animé";-1,623;-0,256;-2,322;0,228;7,256
"allemagne";0,036;-1,221;4,061;-1,135;-0,021
"aliment";0;-1,465;-0,115;-0,013;2,559
"aisé";-1,42;0,359;-2,031;6,974;-0,282
"adopter";0,036;1,325;-1,45;-1,135;0,857
"admiration";-1,623;-1,955;-0,456;5,3;1,005
"accepter";-0,607;-0,732;10,381;-0,68;-0,881
"absolu";0,384;-0,256;-0,456;0,228;0,025
"épuiser";3,152;0,074;-1,159;-0,907;0,012
"épaule";1,172;-0,033;-0,115;-0,013;-0,124
"énergie";-1,42;6,284;-2,031;-1,59;1,629
"éléphant";-1,013;-1,221;-1,45;-1,135;17,079
"éloquence";1,172;-0,033;-1,74;-0,013;0,389
"école";0;8,461;-0,115;-1,362;-1,764
"éclair";0;-1,465;-0,115;-1,362;6,635
"xv";-1,013;-1,221;-1,45;22,12;-1,47
"xiv";-1,216;-1,465;-1,74;26,555;-1,764
"volontairement";0,036;0,001;-1,45;-1,135;3,979
"voiler";0;0,721;-1,74;-1,362;2,559
"vilain";-0,607;0,36;0,205;0,441;-0,881
"vide";-1,216;-1,465;-0,115;16,808;-1,764
"victime";10,681;-1,465;-1,74;-1,362;0,389
"vestibule";-1,216;-0,033;-1,74;16,808;-1,764
"valeur";-1,42;0,359;-0,268;2,774;-0,282
"user";14,962;-1,71;-2,031;-1,59;0,139
"unique";-1,42;-1,71;-2,031;21,084;-0,282
"témoin";1,924;-1,221;-0,017;-1,135;0,857
"tremblement";-0,81;-0,976;13,847;-0,907;-1,175
"tigre";-1,013;-1,221;-0,017;-1,135;9,386
"tendrement";0;-1,465;12,813;-1,362;-1,764
"tarder";0;-1,465;-1,74;3,972;0,389
"taille";-0,032;-1,71;0,152;0,476;0,139
"sûreté";29,742;-1,465;-1,74;-1,362;-1,764
"sûrement";0,192;0,074;-1,159;2,646;-1,175
"spectateur";1,924;0,001;-1,45;0,008;-0,021
"soupçonner";0;-0,033;0,41;-0,013;-0,124
"somme";-0,607;4,226;-0,869;0,441;-0,881
"sombre";-1,42;-1,71;-2,031;2,774;4,754
"sincère";4,732;3,531;-1,74;-1,362;-1,764
"sexe";1,172;-0,033;-1,74;-1,362;2,559
"servitude";4,732;-1,465;-1,74;-0,013;0,389
"service";0;-0,033;0,41;-0,013;-0,124
"sensibilité";0,693;-0,125;-0,268;-1,59;1,629
"second";-1,013;0,001;0,888;0,008;-0,021
"sauvage";-1,013;-1,221;-0,017;-1,135;9,386
"sanglant";24,775;-1,221;-1,45;-1,135;-1,47
"sang_froid";-1,013;0,001;4,061;0,008;-1,47
"révéler";0;-1,465;-1,74;-1,362;12,616
"réveiller";-1,216;-1,465;-1,74;-1,362;20,502
"réfléchir";3,152;-0,976;-1,159;-0,907;1,705
"retenir";-1,013;-1,221;-1,45;0,008;9,386
"remède";0;0,721;-1,74;-0,013;0,389
"remords";0,192;-0,976;0,015;-0,907;1,705
"remonter";0,585;-0,732;0,205;-0,68;0,194
"religieux";0;3,531;-1,74;0,883;-1,764
"recommander";-0,032;-1,71;4,857;-1,59;0,139
"recherche";0;8,461;-1,74;-0,013;-1,764
"rapide";-1,013;0,001;-1,45;0,008;3,979
"raconter";-1,216;3,531;2,625;-1,362;-1,764
"quelqu";19,812;-0,976;-1,159;-0,907;-1,175
"quatrième";-1,013;-1,221;17,316;-1,135;-1,47
"pâlir";0,036;-1,221;-0,017;-1,135;3,979
"publiquement";0,192;2,352;-1,159;0,114;-1,175
"prêcher";0;-0,033;-0,115;-0,013;0,389
"provision";-0,81;0,074;1,748;-0,907;0,012
"presse";8,157;-0,125;-2,031;0,476;-2,059
"pompe";1,172;-0,033;-1,74;0,883;-0,124
"politesse";-1,013;1,325;4,061;-1,135;-1,47
"planter";0,192;0,074;0,015;-0,907;0,012
"pierreries";-1,216;-1,465;12,813;-0,013;-1,764
"pesant";-1,013;0,001;-0,017;1,543;-0,021
"perpétuel";-1,42;11,975;-2,031;-1,59;0,139
"paraguay";-1,013;-1,221;9,537;-1,135;-0,021
"ostentation";10,681;-0,033;-1,74;-1,362;-0,124
"organe";3,401;-1,71;-2,031;-1,59;4,754
"oraison";-1,42;-0,125;-2,031;21,084;-2,059
"opposé";-0,032;19,484;-2,031;-1,59;-2,059
"odieux";1,172;-0,033;-1,74;-1,362;2,559
"occasion";0,192;0,074;0,015;-0,907;0,012
"obéir";1,172;-1,465;-0,115;-1,362;2,559
"méditer";-1,013;1,325;-1,45;1,543;-0,021
"millier";-1,013;1,325;-1,45;5,74;-1,47
"mensonge";5,334;-0,732;-0,869;-0,68;0,194
"mari";1,924;-1,221;-0,017;0,008;-0,021
"marc";3,401;-1,71;0,152;-1,59;0,139
"machine";1,172;-1,465;0,41;0,883;-1,764
"législateur";14,293;-1,221;-1,45;-1,135;-0,021
"lugubre";-1,013;-1,221;-1,45;12,599;-0,021
"liqueur";0,585;-0,732;3,375;-0,68;-0,881
"laquais";0,192;-0,976;0,015;2,646;-1,175
"justement";3,401;0,359;-0,268;-1,59;-0,282
"jusqu_aux";0;-0,033;-0,115;-0,013;0,389
"jurer";-1,42;-1,71;16,147;-1,59;-0,282
"joug";8,157;-0,125;-2,031;-1,59;0,139
"jeunesse";1,172;-0,033;-1,74;0,883;-0,124
"invention";-1,216;-0,033;-1,74;-1,362;12,616
"interdire";0,585;0,36;-0,869;-0,68;0,194
"insensé";-0,81;-0,976;-1,159;8,505;0,012
"inquiétude";-1,42;-0,125;-0,268;-0,081;4,754
"innombrable";-1,216;0,721;-1,74;0,883;0,389
"injustice";0,585;-0,732;0,205;-0,68;0,194
"infiniment";-0,032;6,284;-0,268;-0,081;-2,059
"inconcevable";1,172;-0,033;-1,74;-1,362;2,559
"incendie";9,693;0,074;-1,159;-0,907;-1,175
"hôpital";0,585;-0,732;-0,869;0,441;0,194
"heureusement";0,036;-1,221;0,888;0,008;-0,021
"haïr";-0,81;2,352;0,015;-0,907;0,012
"hardi";0;0,721;-1,74;-0,013;0,389
"habiller";-1,216;-1,465;0,41;9,281;-1,764
"gêner";0,036;0,001;-1,45;5,74;-1,47
"guères";-1,013;-1,221;-1,45;22,12;-1,47
"fête";-0,032;-1,71;-2,031;6,974;0,139
"foudre";-0,81;-0,976;-1,159;-0,907;13,657
"filer";-1,013;-1,221;-1,45;22,12;-1,47
"fesser";-0,607;-0,732;10,381;-0,68;-0,881
"façon";-1,216;-1,465;-0,115;16,808;-1,764
"fatigue";3,152;-0,976;0,015;0,114;-1,175
"faste";14,962;-0,125;-2,031;-0,081;-2,059
"fanatisme";1,924;1,325;-1,45;-1,135;-0,021
"expirer";3,152;-0,976;-1,159;-0,907;1,705
"existence";-1,42;-0,125;-2,031;-0,081;9,512
"excès";14,962;-1,71;-2,031;-1,59;0,139
"enterrer";-0,81;-0,976;6,359;-0,907;0,012
"entasser";0,036;11,606;-1,45;-1,135;-1,47
"enflammer";0;-1,465;-1,74;-1,362;12,616
"effrayant";-0,81;-0,976;-1,159;0,114;6,253
"désert";-0,032;-1,71;-0,268;0,476;1,629
"dépenser";4,732;-0,033;-0,115;-0,013;-1,764
"déjeuner";-0,81;-0,976;13,847;-0,907;-1,175
"dégoût";-1,216;0,721;-1,74;9,281;-1,764
"douter";0,036;-1,221;4,061;-1,135;-0,021
"distinction";14,293;-1,221;-1,45;0,008;-1,47
"diriger";-0,81;2,352;-1,159;0,114;0,012
"différence";-1,216;-1,465;-0,115;16,808;-1,764
"destinée";-1,216;-0,033;12,813;-1,362;-1,764
"destin";0;3,531;-1,74;-0,013;-0,124
"dessein";0,036;-1,221;-1,45;0,008;3,979
"damoiseau";-1,216;-1,465;20,787;-1,362;-1,764
"céleste";-0,81;-0,976;-1,159;0,114;6,253
"courtisan";1,924;-1,221;-1,45;5,74;-1,47
"cou";-1,013;-1,221;17,316;-1,135;-1,47
"corriger";3,401;6,284;-2,031;-1,59;-2,059
"cordelier";-1,216;-1,465;20,787;-1,362;-1,764
"convaincre";3,152;-0,976;0,015;-0,907;0,012
"contredire";-1,216;3,531;-0,115;-0,013;-0,124
"contemporain";10,681;-1,465;-1,74;-1,362;0,389
"consolant";-1,42;-1,71;-2,031;-0,081;15,904
"conseil";0;-1,465;6,759;-1,362;-0,124
"comparaison";-1,013;0,001;-1,45;5,74;-0,021
"clarté";-0,607;-0,732;-0,869;0,441;3,314
"circulation";0,192;0,074;-1,159;2,646;-1,175
"cieux";-1,42;-1,71;-2,031;-0,081;15,904
"choix";0,192;0,074;-1,159;-0,907;1,705
"charité";-1,216;-1,465;-0,115;3,972;0,389
"charitable";-0,032;6,284;-0,268;-1,59;-0,282
"changement";10,681;-1,465;-1,74;-0,013;-0,124
"chagrin";0;0,721;-0,115;-0,013;-0,124
"casser";0,585;-0,732;0,205;0,441;-0,881
"carrosse";-1,216;-1,465;2,625;0,883;-0,124
"calamité";1,172;-1,465;0,41;-0,013;-0,124
"cadix";-1,216;-1,465;20,787;-1,362;-1,764
"bâton";-1,216;-0,033;-0,115;-1,362;6,635
"bleu";-1,42;-0,125;-2,031;13,078;-0,282
"avidité";0,036;1,325;-1,45;1,543;-1,47
"avare";0,192;0,074;-1,159;-0,907;1,705
"aurore";0,192;-0,976;-1,159;-0,907;6,253
"augmenter";1,172;-0,033;-0,115;-0,013;-0,124
"astre";-1,42;0,359;-2,031;-1,59;9,512
"arroser";-0,607;-0,732;3,375;-0,68;0,194
"armée";-1,216;0,721;-0,115;-1,362;2,559
"armer";10,681;-1,465;-0,115;-0,013;-1,764
"ardent";0;-1,465;-1,74;-1,362;12,616
"appuyer";-0,81;2,352;0,015;-0,907;0,012
"ambitieux";0,585;-0,732;-0,869;0,441;0,194
"agiter";-0,81;-0,976;-1,159;-0,907;13,657
"acquérir";0,036;11,606;-1,45;-1,135;-1,47
"accourir";1,924;-1,221;0,888;-1,135;-0,021
"abominable";-0,81;-0,976;13,847;-0,907;-1,175
"éviter";9,693;-0,976;-1,159;-0,907;0,012
"étoile";-1,216;-1,465;-1,74;16,808;-0,124
"étoffe";-0,81;-0,976;6,359;0,114;-1,175
"éclatant";-1,013;1,325;-0,017;-1,135;0,857
"écarter";0;-0,033;-1,74;-0,013;2,559
"vol";1,172;-0,033;-1,74;-1,362;2,559
"voie";-1,216;-1,465;-1,74;-0,013;12,616
"vivement";-0,607;-0,732;-0,869;-0,68;10,239
"visiter";-0,81;2,352;-1,159;2,646;-1,175
"virgile";-0,81;2,352;0,015;0,114;-1,175
"vigoureux";0,036;0,001;-0,017;1,543;-1,47
"vigilant";-1,216;15,513;-0,115;-1,362;-1,764
"vengeur";1,924;-1,221;-1,45;-1,135;3,979
"varié";-0,607;-0,732;-0,869;0,441;3,314
"tôt";0,036;0,001;-1,45;1,543;-0,021
"trompette";0,036;1,325;-1,45;0,008;-0,021
"tournant";0;-1,465;6,759;-0,013;-1,764
"torrent";-0,81;-0,976;-1,159;0,114;6,253
"toile";0,585;-0,732;-0,869;4,635;-0,881
"tailler";-0,81;0,074;-1,159;0,114;1,705
"sénateur";0;-1,465;12,813;-1,362;-1,764
"supérieur";-0,81;0,074;1,748;0,114;-1,175
"sultan";-0,81;-0,976;13,847;-0,907;-1,175
"succès";10,681;0,721;-1,74;-1,362;-1,764
"substituer";1,172;8,461;-1,74;-1,362;-1,764
"subir";0,585;-0,732;-0,869;4,635;-0,881
"soulever";-1,216;-1,465;-1,74;-0,013;12,616
"solliciter";0,585;-0,732;-0,869;-0,68;3,314
"signal";-1,216;-1,465;-1,74;-0,013;12,616
"sagement";-1,216;3,531;-1,74;3,972;-1,764
"rousseau";-1,216;-1,465;-1,74;26,555;-1,764
"rouler";6,676;1,325;-1,45;-1,135;-1,47
"retomber";-1,216;-1,465;-1,74;-1,362;20,502
"retentir";0,585;0,36;-0,869;0,441;-0,881
"ressource";0,036;5,193;-1,45;-1,135;-0,021
"respectueux";-1,216;-1,465;-0,115;-0,013;6,635
"reculer";-1,013;-1,221;0,888;0,008;0,857
"raisonnable";-1,013;11,606;-0,017;-1,135;-1,47
"radieux";-0,81;-0,976;-1,159;0,114;6,253
"querelle";-1,013;-1,221;4,061;1,543;-1,47
"pâle";0,192;-0,976;-1,159;2,646;0,012
"pyramide";-0,81;0,074;-1,159;8,505;-1,175
"pus";-0,607;0,36;-0,869;4,635;-0,881
"préserver";0,036;1,325;-1,45;0,008;-0,021
"préférable";4,732;-0,033;-0,115;-0,013;-1,764
"précepteur";-1,216;-0,033;2,625;0,883;-1,764
"progrès";-1,216;15,513;-1,74;-0,013;-1,764
"profusion";-1,216;-1,465;-1,74;26,555;-1,764
"profondeur";1,172;-1,465;-1,74;-1,362;6,635
"profiter";-0,81;-0,976;-1,159;17,689;-1,175
"probité";-1,216;24,687;-1,74;-1,362;-1,764
"privé";0,036;-1,221;-0,017;-1,135;3,979
"poussière";0,585;-0,732;-0,869;0,441;0,194
"poudre";1,924;0,001;-1,45;0,008;-0,021
"portion";-1,216;0,721;-1,74;-0,013;2,559
"police";-1,216;8,461;-1,74;-0,013;-0,124
"planche";-0,81;2,352;0,015;-0,907;0,012
"permission";0,192;0,074;0,015;0,114;-1,175
"perle";0,036;-1,221;4,061;-1,135;-0,021
"perfide";1,924;-1,221;-1,45;-1,135;3,979
"orner";-1,013;0,001;-0,017;-1,135;3,979
"ordonnance";0,585;4,226;-0,869;-0,68;-0,881
"ordinairement";1,172;0,721;-1,74;-0,013;-0,124
"opérer";1,924;0,001;-1,45;-1,135;0,857
"océan";0,036;5,193;-1,45;-1,135;-0,021
"nécessité";24,775;-1,221;-1,45;-1,135;-1,47
"noyer";-0,81;0,074;6,359;-0,907;-1,175
"nord";14,293;-1,221;-0,017;-1,135;-1,47
"noeud";29,742;-1,465;-1,74;-1,362;-1,764
"naturellement";0;-0,033;0,41;0,883;-1,764
"métairie";-1,216;-1,465;20,787;-1,362;-1,764
"mélange";6,676;-1,221;-1,45;-1,135;0,857
"médecine";9,693;0,074;-1,159;-0,907;-1,175
"mutuel";1,924;0,001;-1,45;0,008;-0,021
"murmurer";0,585;-0,732;-0,869;0,441;0,194
"muet";-1,013;-1,221;-0,017;-1,135;9,386
"modeste";-1,216;0,721;-1,74;0,883;0,389
"mariage";5,334;-0,732;-0,869;0,441;-0,881
"manteau";-0,81;-0,976;0,015;-0,907;6,253
"mahomet";3,152;0,074;-1,159;0,114;-1,175
"loger";0,585;-0,732;0,205;0,441;-0,881
"lent";5,334;-0,732;-0,869;-0,68;0,194
"laborieux";0,192;2,352;-1,159;-0,907;0,012
"jugement";-0,607;0,36;3,375;-0,68;-0,881
"jouissance";-1,013;-1,221;-1,45;-1,135;17,079
"jalousie";-0,81;0,074;0,015;2,646;-1,175
"intelligent";-1,216;-0,033;-1,74;0,883;2,559
"institution";-1,013;11,606;-1,45;-1,135;-0,021
"inquisition";0,192;0,074;0,015;0,114;-1,175
"ingrat";0;-1,465;-0,115;-1,362;6,635
"imposant";0;-1,465;-1,74;-1,362;12,616
"immortalité";-1,013;1,325;-1,45;1,543;-0,021
"imbécille";10,681;-1,465;-1,74;0,883;-1,764
"illustre";-1,013;11,606;-0,017;-1,135;-1,47
"illusion";-0,81;0,074;0,015;-0,907;1,705
"ii";9,693;-0,976;-1,159;-0,907;0,012
"hollande";-0,81;-0,976;6,359;-0,907;0,012
"générosité";1,924;-1,221;-0,017;-1,135;0,857
"guère";-1,013;-1,221;-0,017;1,543;0,857
"gueux";-1,013;-1,221;17,316;-1,135;-1,47
"gré";0,192;0,074;-1,159;0,114;0,012
"gaieté";0,036;-1,221;-1,45;5,74;-0,021
"gage";-0,607;0,36;0,205;0,441;-0,881
"futile";3,152;0,074;-1,159;-0,907;0,012
"fréquenter";-1,013;1,325;-1,45;1,543;-0,021
"frémir";6,676;0,001;-0,017;-1,135;-1,47
"fripon";0,192;0,074;1,748;-0,907;-1,175
"fragile";0,036;-1,221;-1,45;0,008;3,979
"fouet";-0,607;-0,732;-0,869;-0,68;10,239
"fortement";10,681;-0,033;-1,74;-0,013;-1,764
"figurer";0,192;-0,976;0,015;0,114;0,012
"feuillée";-1,013;-1,221;17,316;-1,135;-1,47
"favorable";-1,013;5,193;-1,45;0,008;-0,021
"fantôme";1,924;0,001;-0,017;-1,135;-0,021
"fanatique";0,192;0,074;-1,159;-0,907;1,705
"faix";3,152;-0,976;-1,159;-0,907;1,705
"extrêmement";-1,013;0,001;-0,017;5,74;-1,47
"exempt";-1,216;-1,465;20,787;-1,362;-1,764
"européen";-0,607;-0,732;0,205;-0,68;3,314
"eunuque";-1,013;-1,221;9,537;-1,135;-0,021
"entreprendre";5,334;-0,732;-0,869;0,441;-0,881
"ensevelir";0;-0,033;-0,115;-0,013;0,389
"enfuir";-0,607;-0,732;10,381;-0,68;-0,881
"enfanter";-0,81;-0,976;-1,159;0,114;6,253
"empoisonner";-0,81;0,074;-1,159;8,505;-1,175
"employé";0;3,531;-1,74;-0,013;-0,124
"embarras";-1,216;0,721;-0,115;3,972;-1,764
"dôme";-0,81;-0,976;-1,159;8,505;0,012
"détourner";-0,81;2,352;1,748;-0,907;-1,175
"désordre";-0,81;2,352;-1,159;-0,907;1,705
"dépouille";0,036;1,325;-0,017;-1,135;-0,021
"dépositaire";10,681;-1,465;-0,115;-1,362;-0,124
"dépendre";0,192;2,352;-1,159;-0,907;0,012
"délicat";0,036;-1,221;-1,45;0,008;3,979
"décéder";0;-0,033;-1,74;-0,013;2,559
"déclarer";0,036;-1,221;-1,45;0,008;3,979
"double";0,036;0,001;-1,45;1,543;-0,021
"distribuer";-0,81;0,074;-1,159;2,646;0,012
"distingué";-1,013;-1,221;-1,45;22,12;-1,47
"distinctement";-1,013;-1,221;-0,017;12,599;-1,47
"dissoudre";1,924;0,001;-1,45;0,008;-0,021
"dissiper";1,924;-1,221;-0,017;0,008;-0,021
"discorde";1,924;0,001;-1,45;1,543;-1,47
"disciple";-0,607;0,36;0,205;0,441;-0,881
"danger";3,152;-0,976;-1,159;-0,907;1,705
"césar";14,293;-1,221;-1,45;-1,135;-0,021
"culte";1,924;1,325;-1,45;-1,135;-0,021
"création";-1,013;0,001;-1,45;5,74;-0,021
"cruauté";0,585;0,36;0,205;-0,68;-0,881
"croître";0;-1,465;-1,74;-0,013;6,635
"courageux";-0,81;-0,976;-1,159;-0,907;13,657
"coquin";-1,013;0,001;9,537;-1,135;-1,47
"convive";-1,216;-1,465;12,813;-0,013;-1,764
"contenter";19,812;-0,976;-1,159;-0,907;-1,175
"conte";-1,013;-1,221;0,888;-1,135;3,979
"conscience";0,036;-1,221;-1,45;-1,135;9,386
"confusion";-1,216;-0,033;-0,115;3,972;-0,124
"conduite";0;8,461;-1,74;-1,362;-0,124
"condition";0,192;-0,976;6,359;-0,907;-1,175
"concitoyen";14,293;-1,221;-1,45;-1,135;-0,021
"comédie";-0,81;0,074;0,015;2,646;-1,175
"compagnon";-1,013;-1,221;-0,017;12,599;-1,47
"commodité";19,017;-1,465;-0,115;-1,362;-1,764
"commode";-0,81;-0,976;-1,159;17,689;-1,175
"collège";0,585;0,36;0,205;-0,68;-0,881
"cochon";-1,013;-1,221;-0,017;12,599;-1,47
"cité";1,924;0,001;-1,45;-1,135;0,857
"cinquième";-0,81;0,074;1,748;0,114;-1,175
"chimère";19,812;-0,976;-1,159;-0,907;-1,175
"chef_d_oeuvre";-1,013;-1,221;-0,017;12,599;-1,47
"char";1,924;-1,221;-1,45;0,008;0,857
"chaleur";-1,013;-1,221;-1,45;0,008;9,386
"certainement";-1,013;0,001;4,061;0,008;-1,47
"cercueil";0,036;-1,221;-1,45;0,008;3,979
"carte";-0,81;-0,976;1,748;2,646;-1,175
"carrière";-0,81;0,074;-1,159;0,114;1,705
"cardinal";-1,013;1,325;-1,45;5,74;-1,47
"canal";0;-1,465;0,41;0,883;-0,124
"cachet";-0,81;-0,976;-1,159;17,689;-1,175
"buste";-1,216;-0,033;-1,74;16,808;-1,764
"brûlant";14,853;-0,732;-0,869;-0,68;-0,881
"broder";-1,013;11,606;-0,017;-1,135;-1,47
"boutique";-0,607;4,226;-0,869;-0,68;0,194
"bassesse";-0,81;-0,976;-1,159;8,505;0,012
"balancer";-0,81;2,352;0,015;0,114;-1,175
"baguette";0,585;-0,732;0,205;-0,68;0,194
"avide";-0,607;-0,732;-0,869;0,441;3,314
"avarice";29,742;-1,465;-1,74;-1,362;-1,764
"audace";0,192;0,074;-1,159;0,114;0,012
"attribut";0;-0,033;-1,74;-1,362;6,635
"article";-1,013;0,001;-1,45;5,74;-0,021
"arranger";-1,216;-0,033;-0,115;9,281;-1,764
"approfondi";-1,013;20,564;-1,45;-1,135;-1,47
"applaudissement";0,192;-0,976;-1,159;0,114;1,705
"annonce";-1,216;0,721;-0,115;-0,013;0,389
"andalou";-1,216;-1,465;20,787;-1,362;-1,764
"ancêtre";1,172;-0,033;-0,115;-0,013;-0,124
"amoureux";0;0,721;-0,115;-1,362;0,389
"amiral";-0,607;-0,732;10,381;-0,68;-0,881
"aide";-0,607;4,226;0,205;-0,68;-0,881
"agrément";0;-0,033;-1,74;9,281;-1,764
"agité";0,192;-0,976;1,748;-0,907;0,012
"affaiblir";29,742;-1,465;-1,74;-1,362;-1,764
"adresser";-0,81;0,074;0,015;0,114;0,012
"adresse";0,192;0,074;0,015;-0,907;0,012
"actif";-1,216;-0,033;-1,74;-1,362;12,616
"accumuler";-0,81;0,074;-1,159;2,646;0,012
"accident";0,036;0,001;0,888;0,008;-1,47
"absurde";1,172;-1,465;-1,74;-1,362;6,635
"abondant";0,036;-1,221;-1,45;5,74;-0,021
"évidence";-1,013;11,606;-1,45;0,008;-1,47
"évanouir";-0,607;-0,732;3,375;-0,68;0,194
"éternité";-1,013;-1,221;-1,45;-1,135;17,079
"étaler";0,192;0,074;-1,159;-0,907;1,705
"édit";14,293;-1,221;-1,45;0,008;-1,47
"écouler";3,152;-0,976;0,015;-0,907;0,012
"violence";14,293;-1,221;-1,45;-1,135;-0,021
"ventre";-0,81;-0,976;13,847;-0,907;-1,175
"université";-0,607;-0,732;3,375;0,441;-0,881
"unanime";1,924;0,001;-1,45;0,008;-0,021
"troupeau";0,192;-0,976;0,015;-0,907;1,705
"trouble";6,676;-1,221;-1,45;0,008;-0,021
"triomphe";0,192;-0,976;-1,159;0,114;1,705
"traduire";-0,607;4,226;0,205;-0,68;-0,881
"tourment";1,924;-1,221;-1,45;-1,135;3,979
"tort";1,924;0,001;-1,45;1,543;-1,47
"taire";0,585;0,36;0,205;-0,68;-0,881
"tache";-0,81;-0,976;0,015;-0,907;6,253
"sérail";-0,607;0,36;3,375;-0,68;-0,881
"séduire";-0,81;7,809;0,015;-0,907;-1,175
"sécher";0,192;-0,976;0,015;0,114;0,012
"sur_le_champ";-0,81;-0,976;13,847;-0,907;-1,175
"spacieux";-0,81;-0,976;-1,159;17,689;-1,175
"souiller";0,585;0,36;-0,869;0,441;-0,881
"sonner";0,585;-0,732;3,375;-0,68;-0,881
"sixième";-0,607;-0,732;10,381;-0,68;-0,881
"situation";-0,607;0,36;-0,869;0,441;0,194
"sire";-1,013;-1,221;17,316;-1,135;-1,47
"simplicité";-0,81;2,352;-1,159;0,114;0,012
"serpent";-1,013;-1,221;-0,017;-1,135;9,386
"serein";-1,013;-1,221;-1,45;-1,135;17,079
"sensation";1,924;-1,221;-1,45;0,008;0,857
"semer";-0,81;-0,976;-1,159;-0,907;13,657
"semaine";0,585;-0,732;0,205;0,441;-0,881
"secourir";0,585;-0,732;0,205;-0,68;0,194
"secouer";0,192;-0,976;-1,159;0,114;1,705
"saison";0,585;-0,732;-0,869;-0,68;3,314
"sacrifier";19,812;-0,976;-1,159;-0,907;-1,175
"révoltant";0,192;-0,976;-1,159;2,646;0,012
"résider";6,676;-1,221;-1,45;-1,135;0,857
"réjouir";0,192;-0,976;-1,159;2,646;0,012
"réfugier";0,585;-0,732;3,375;-0,68;-0,881
"ruisseau";0,192;-0,976;1,748;-0,907;0,012
"roue";0,585;-0,732;-0,869;0,441;0,194
"ronde";-0,607;-0,732;-0,869;4,635;0,194
"romain";0,036;1,325;-1,45;1,543;-1,47
"ressentir";-0,81;-0,976;0,015;-0,907;6,253
"renoncer";-0,81;2,352;1,748;-0,907;-1,175
"renommée";-1,013;-1,221;-1,45;12,599;-0,021
"renfermé";-0,607;0,36;-0,869;4,635;-0,881
"renaître";-0,607;-0,732;-0,869;-0,68;10,239
"regret";-1,013;1,325;-1,45;1,543;-0,021
"redoutable";3,152;-0,976;-1,159;-0,907;1,705
"ravir";-0,607;-0,732;3,375;0,441;-0,881
"racheter";-0,81;0,074;1,748;0,114;-1,175
"quantité";0,585;0,36;0,205;-0,68;-0,881
"prévoir";-0,81;7,809;0,015;-0,907;-1,175
"précisément";0,585;0,36;-0,869;-0,68;0,194
"précipice";0,585;-0,732;0,205;0,441;-0,881
"prudent";-1,013;-1,221;9,537;0,008;-1,47
"provincial";-0,607;-0,732;10,381;-0,68;-0,881
"propriété";0,192;2,352;-1,159;0,114;-1,175
"propreté";-0,81;-0,976;0,015;8,505;-1,175
"proie";-0,81;-0,976;-1,159;8,505;0,012
"profession";14,293;-1,221;-0,017;-1,135;-1,47
"prodigieusement";-0,607;0,36;0,205;0,441;-0,881
"procès";0,036;1,325;-1,45;1,543;-1,47
"presser";-0,607;-0,732;-0,869;4,635;0,194
"pratiquer";-0,81;2,352;-1,159;2,646;-1,175
"pratique";0,192;7,809;-1,159;-0,907;-1,175
"prairie";-0,607;-0,732;10,381;-0,68;-0,881
"portée";-0,607;-0,732;0,205;0,441;0,194
"ponte";-1,013;-1,221;4,061;0,008;-0,021
"pompeux";0,192;2,352;-1,159;-0,907;0,012
"poche";-0,81;-0,976;13,847;-0,907;-1,175
"plaie";5,334;-0,732;-0,869;0,441;-0,881
"plaider";0,192;7,809;-1,159;-0,907;-1,175
"philosophique";-1,013;20,564;-1,45;-1,135;-1,47
"perspective";0,585;-0,732;-0,869;0,441;0,194
"perroquet";0,585;-0,732;3,375;-0,68;-0,881
"pencher";0,036;5,193;-0,017;-1,135;-1,47
"parlement";-1,013;-1,221;-1,45;22,12;-1,47
"paresse";0,192;-0,976;-1,159;2,646;0,012
"paisiblement";-0,607;-0,732;-0,869;4,635;0,194
"oubli";-0,607;-0,732;-0,869;4,635;0,194
"os";0,585;-0,732;-0,869;0,441;0,194
"odeur";-0,607;-0,732;-0,869;13,262;-0,881
"objection";5,334;-0,732;-0,869;0,441;-0,881
"nuage";-0,607;-0,732;-0,869;-0,68;10,239
"notion";0,036;11,606;-1,45;-1,135;-1,47
"nier";-0,607;0,36;0,205;-0,68;0,194
"nager";-1,013;-1,221;4,061;-1,135;0,857
"mutuellement";-0,81;-0,976;-1,159;0,114;6,253
"mosquée";-0,81;-0,976;6,359;0,114;-1,175
"moquer";0,036;-1,221;4,061;0,008;-1,47
"meurtrier";-0,81;0,074;0,015;-0,907;1,705
"maxime";0,585;0,36;0,205;-0,68;-0,881
"mathématique";-1,013;1,325;-1,45;5,74;-1,47
"masque";0,192;0,074;-1,159;0,114;0,012
"légume";0,192;-0,976;0,015;-0,907;1,705
"légitime";24,775;-1,221;-1,45;-1,135;-1,47
"lâcher";0,192;0,074;0,015;0,114;-1,175
"là_haut";-0,81;-0,976;-1,159;17,689;-1,175
"louvre";-1,013;-1,221;-1,45;22,12;-1,47
"loisir";0,585;0,36;-0,869;0,441;-0,881
"logis";-1,013;-1,221;0,888;0,008;0,857
"littérature";-1,013;0,001;-0,017;5,74;-1,47
"ligne";1,924;0,001;-1,45;1,543;-1,47
"librement";0,585;-0,732;-0,869;4,635;-0,881
"laurier";-0,81;0,074;-1,159;8,505;-1,175
"lasser";-1,013;-1,221;9,537;0,008;-1,47
"lait";-0,607;-0,732;-0,869;-0,68;10,239
"jusques";19,812;-0,976;-1,159;-0,907;-1,175
"inébranlable";0,192;2,352;-1,159;-0,907;0,012
"introduire";0,585;-0,732;3,375;-0,68;-0,881
"insulter";14,293;0,001;-1,45;-1,135;-1,47
"insensibilité";14,293;-1,221;-1,45;-1,135;-0,021
"inscription";-1,013;-1,221;-1,45;22,12;-1,47
"indigent";5,334;-0,732;-0,869;0,441;-0,881
"indigence";0,585;4,226;-0,869;-0,68;-0,881
"indifférent";1,924;0,001;-1,45;-1,135;0,857
"hôtel";-1,013;0,001;-0,017;5,74;-1,47
"héritier";-0,81;-0,976;-1,159;-0,907;13,657
"horriblement";-1,013;-1,221;17,316;-1,135;-1,47
"homicide";0,192;-0,976;-1,159;-0,907;6,253
"génération";-0,81;0,074;-1,159;0,114;1,705
"gravure";-0,81;16,444;-1,159;-0,907;-1,175
"glorieux";-0,607;-0,732;-0,869;-0,68;10,239
"frotter";-0,81;-0,976;6,359;0,114;-1,175
"frivole";0,585;-0,732;-0,869;0,441;0,194
"franchir";0,036;0,001;-0,017;-1,135;0,857
"fosse";-0,81;-0,976;-1,159;-0,907;13,657
"formidable";0,585;0,36;-0,869;-0,68;0,194
"forfait";0,585;-0,732;-0,869;-0,68;3,314
"flot";0,036;-1,221;-1,45;-1,135;9,386
"flatteur";3,152;-0,976;-1,159;-0,907;1,705
"firmament";-1,013;-1,221;-1,45;-1,135;17,079
"fesse";-0,81;-0,976;13,847;-0,907;-1,175
"fendre";-0,607;-0,732;3,375;-0,68;0,194
"exiger";5,334;0,36;-0,869;-0,68;-0,881
"exemplaire";0,192;2,352;-1,159;-0,907;0,012
"entièrement";-0,607;4,226;0,205;-0,68;-0,881
"entendement";-0,607;12,328;-0,869;-0,68;-0,881
"enrichir";0,192;0,074;-1,159;-0,907;1,705
"ennuyeux";-0,607;-0,732;-0,869;13,262;-0,881
"endroit";-1,013;-1,221;-1,45;5,74;0,857
"enchanté";-0,81;-0,976;-1,159;17,689;-1,175
"empresser";-1,013;0,001;-0,017;1,543;-0,021
"empressement";0,192;-0,976;6,359;-0,907;-1,175
"emparer";-0,607;4,226;0,205;-0,68;-0,881
"dévoiler";0,192;0,074;-1,159;-0,907;1,705
"désastre";-0,81;-0,976;1,748;2,646;-1,175
"dérober";-1,013;-1,221;-0,017;1,543;0,857
"dépôt";14,293;0,001;-1,45;-1,135;-1,47
"député";14,293;0,001;-1,45;-1,135;-1,47
"dépouiller";0,585;0,36;-0,869;-0,68;0,194
"démontrer";-0,81;-0,976;13,847;-0,907;-1,175
"délit";0,192;7,809;-1,159;-0,907;-1,175
"dorado";-1,013;-1,221;17,316;-1,135;-1,47
"domaine";-0,81;-0,976;-1,159;17,689;-1,175
"dicter";-0,81;2,352;-1,159;0,114;0,012
"diadème";1,924;-1,221;-1,45;-1,135;3,979
"dessécher";5,334;-0,732;-0,869;0,441;-0,881
"description";0,192;-0,976;0,015;2,646;-1,175
"descendont";0,192;0,074;-1,159;0,114;0,012
"derviche";-0,81;-0,976;13,847;-0,907;-1,175
"dent";-0,81;-0,976;6,359;-0,907;0,012
"célébrer";0,192;0,074;-1,159;2,646;-1,175
"célèbre";-0,81;2,352;-1,159;2,646;-1,175
"course";-1,013;0,001;0,888;1,543;-1,47
"courber";9,693;-0,976;-1,159;0,114;-1,175
"continuel";-1,013;-1,221;-1,45;22,12;-1,47
"conservateur";-1,013;-1,221;-1,45;0,008;9,386
"connaitre";0,036;0,001;-1,45;0,008;0,857
"congé";0,192;-0,976;6,359;-0,907;-1,175
"confus";-0,81;0,074;0,015;2,646;-1,175
"confrère";-0,607;-0,732;-0,869;4,635;0,194
"concert";-0,81;-0,976;0,015;2,646;0,012
"concentrer";14,293;-1,221;-1,45;-1,135;-0,021
"commission";-0,81;2,352;0,015;0,114;-1,175
"commencement";-0,81;0,074;0,015;2,646;-1,175
"comble";0,585;0,36;-0,869;-0,68;0,194
"collection";0,192;7,809;-1,159;-0,907;-1,175
"colibri";-1,013;-1,221;17,316;-1,135;-1,47
"coffre";-0,81;-0,976;-1,159;17,689;-1,175
"châtiment";19,812;-0,976;-1,159;-0,907;-1,175
"chocolat";-1,013;0,001;9,537;-1,135;-1,47
"charmer";3,152;-0,976;1,748;-0,907;-1,175
"caresser";-1,013;-1,221;0,888;0,008;0,857
"cantique";-1,013;-1,221;-1,45;-1,135;17,079
"bâtiment";-0,81;0,074;-1,159;2,646;0,012
"broche";-1,013;-1,221;17,316;-1,135;-1,47
"brisé";3,152;-0,976;-1,159;-0,907;1,705
"bourreau";0,192;2,352;-1,159;-0,907;0,012
"boue";0,192;0,074;0,015;0,114;-1,175
"blesser";0,585;0,36;-0,869;-0,68;0,194
"bienfaiteur";0,192;-0,976;0,015;-0,907;1,705
"bienfait";-0,607;0,36;-0,869;0,441;0,194
"avocat";-0,81;0,074;0,015;-0,907;1,705
"avertir";0,036;-1,221;4,061;-1,135;-0,021
"autel";0,192;-0,976;0,015;0,114;0,012
"attitude";-1,013;0,001;-1,45;-1,135;9,386
"arrivée";-0,607;-0,732;0,205;0,441;0,194
"armoire";-0,607;0,36;-0,869;4,635;-0,881
"approbation";0,192;-0,976;-1,159;8,505;-1,175
"allégresse";0,036;-1,221;-0,017;-1,135;3,979
"aigle";-0,81;-0,976;-1,159;-0,907;13,657
"admettre";-1,013;5,193;-1,45;1,543;-1,47
"activité";3,152;0,074;-1,159;-0,907;0,012
"accord";0,036;5,193;-1,45;-1,135;-0,021
"accommoder";0,192;0,074;1,748;-0,907;-1,175
"abîme";-0,607;-0,732;0,205;-0,68;3,314
"abréger";-0,81;2,352;-1,159;2,646;-1,175
"éveiller";-0,607;-0,732;-0,869;4,635;0,194
"de";-0,019;4,177;-17,556;0,461;2,998
"être";5,722;6,847;-7,391;0,041;-4,392
"la";2,628;-0,059;-15,733;0,229;5,245
"le";1,271;-9,89;-0,03;-0,143;6,238
"avoir";6,237;13,045;-0,005;-1,702;-19,117
"les";7,668;1,543;-18,953;0,175;0,089
"l";11,958;3,683;-77,085;-1,06;22,976
"et";-29,727;-4,827;135,935;-5,29;-6,41
"à";1,298;-1,423;10,736;-0,533;-6,125
"ne";3,333;5,682;-3,4;0,204;-6,11
"il";-1,6;-0,026;37,228;-3,259;-9,758
"un";-0,084;-3,035;0,112;2,503;0,012
"que";4,803;0,248;-0,044;-1,152;-1,5
"des";5,761;10,143;-32,51;0,477;-0,015
"qui";0,992;2,13;-30,029;-0,099;12,099
"d";0,556;-2,382;-7,592;2,67;4,111
"en";2,065;-0,789;0,299;2,241;-5,632
"je";-19,613;-12,558;9,06;15,419;0,458
"qu";-0,563;5,497;0,695;-0,058;-4,662
"dans";-3,862;-7,598;0,948;6,656;1,014
"on";-3,094;14,559;-4,459;10,477;-8,647
"plus";1,302;0,735;-21,031;3,198;1,166
"une";-1,004;-0,336;-7,019;11,453;0,899
"vous";-3,891;-1,17;28,922;0,422;-10,066
"du";2,196;-6,317;0,002;-0,311;2,338
"ce";2,953;2,345;0,164;-0,525;-7,386
"faire";-1,086;0,579;8,508;-0,051;-6,185
"nous";1,266;8,611;-5,711;-3,861;0,172
"pour";4,761;-0,132;-2,081;0,093;-0,203
"dire";-30,359;-16,053;256,673;-1,65;-36,621
"se";0,885;-8,844;-0,984;0,058;7,526
"pas";0,613;2,728;1,13;-0,741;-6,381
"s";0,045;0,7;-2,506;-0,163;0,938
"son";-1,826;-2,018;0,617;-7,627;18,746
"ils";-4,042;8,788;-3,324;0,178;0,17
"au";0,892;-0,007;-2,123;-0,009;0,597
"sur";6,333;-1,152;-6,985;-0,465;4,139
"mais";1,266;6,808;0;-0,007;-11,428
"tout";-1,996;-0,501;2,139;2,833;-1,175
"lui";-1,508;-0,342;16,68;-3,87;-0,354
"par";3,399;18,577;-4,27;-1,283;-6,884
"ces";0,339;-1,453;-9,899;3,387;4,208
"leur";0,209;1,526;-5,513;0,159;0,152
"me";-6,16;-2,447;-0,025;19,728;-0,066
"ses";0,888;-2,131;-10,164;-1,766;24,494
"si";-0,95;4,203;-0,216;0,086;-0,777
"y";-12,048;0,537;14,845;1,566;-6,719
"avec";-0,894;-0,499;3,575;-0,042;-0,032
"cette";0,024;1,396;-11,915;0,795;1,832
"c";5,03;-0,006;-0,43;-0,532;-0,361
"elle";-0,68;-0,354;1,65;-14,689;12,757
"sa";-0,009;-0,089;-1,404;-8,564;18,147
"j";-5,896;-8,038;3,389;12,719;-0,08
"pouvoir";0,153;-0,259;4,95;-3,457;-0,131
"comme";-0,005;4,697;-8,588;-0,061;1,334
"bien";-1,571;0,377;11,608;0,324;-11,455
"point";8,667;-0,371;-8,963;1,19;-0,007
"leurs";1,451;0,143;-4,332;-0,402;1,504
"tous";0,004;6,206;-2,971;-2,28;0,492
"mon";-4,914;-4,262;10,763;-0,01;0,58
"où";-0,783;0,531;-6,172;2,395;1,301
"sans";1,106;0,748;-4,047;0,738;-0,303
"aux";6,091;1,494;-10,904;-1,906;1,454
"m";-8,706;-3,04;1,269;11,368;0,002
"deux";-2,32;-12,964;71,616;-1,722;-5,963
"ou";1,72;1,1;-5,484;4,407;-3,159
"même";4,444;13,58;-9,331;-5,965;-0,005
"devoir";0,357;0,981;-11,509;0,002;3,467
"votre";0,524;2,594;-0,018;0,531;-7,37
"dont";-0,609;-1,164;-3,289;0,414;8,586
"toutes";-0,047;8,63;-6,658;1,157;-1,034
"savoir";-2,74;7,297;0;-0,352;-0,275
"autre";0,127;0,805;0,245;-0,022;-2,323
"vouloir";0,556;-2,33;10,535;-2,271;-1,116
"nos";1,118;8,984;-14,384;-2,963;2,523
"encore";-0,953;0,012;0,339;0,861;-0,45
"ni";0,085;0,762;-0,477;1,204;-2,009
"bon";-0,374;-0,112;15,079;-1,676;-3,263
"moi";-2,969;-1,455;15,119;0,19;-2,543
"toujours";-4,027;-0,12;0,773;0,042;1,113
"notre";7,19;2,449;-5,88;-1,719;-0,061
"jamais";4,059;0,172;0,037;-1,949;-1,19
"toute";-1,332;1,855;-0,403;-0,038;0,306
"rien";-1,829;0,902;-0,001;0,512;-0,11
"falloir";-3,956;5,813;9,659;-1;-7,172
"aussi";0,286;0,01;0,52;-0,201;-0,766
"elles";1,546;3,155;-10,23;2,102;-0,905
"autres";-2,317;3,349;0,094;-0,187;-0,078
"cet";2,843;-0,023;-1,772;-0,149;0,103
"sous";1,193;-0,544;-10,203;-0,588;13,075
"tant";0,402;2,977;-5,278;2,034;-1,523
"peu";0,188;0,149;4,06;-0,066;-6,365
"ainsi";2,074;0,193;-0,224;-0,582;-0,274
"après";-1,277;-1,059;18,873;-2,085;-1,01
"croire";-1,496;-0,1;0,57;0,688;-0,017
"quelques";-1,496;-0,001;4,59;1,272;-4,258
"moins";-0,455;0,073;-2,186;5,638;-0,144
"car";-0,155;3,532;0,121;0,015;-3,568
"ma";-4,355;-6,296;16,24;0,001;0,038
"quand";-0,309;-2,059;19,825;-0,83;-3,012
"vos";-0,008;0;-2,123;0,06;1,662
"fort";-0,008;0,259;0,031;1,914;-3,46
"chaque";0,785;2,748;-11,889;5,072;-1,029
"enfin";-0,256;-0,042;2,111;-0,312;-0,08
"parce_que";2,056;2,027;-4,994;-1,553;0,564
"mille";-0,587;-0,799;12,879;1,153;-9,231
"donc";0,09;0,931;4,622;-0,004;-10,68
"quel";-0,275;1,148;-1,722;0,157;0,155
"monsieur";-3,484;-1,039;38,344;-0,231;-9,55
"comment";-0,459;0,229;21,73;-4,007;-6,955
"très";-1,971;0,082;33,894;-1,693;-13,05
"trois";0,46;-2,796;2,995;6,681;-9,86
"là";-0,697;0,077;0,001;3,385;-1,557
"ceux";0,229;3,309;-9,616;0,202;0,272
"vers";-0,565;-0,002;-1,435;0,703;1,265
"quelque";-0,146;1,954;-0,021;-0,132;-0,252
"eux";2,698;0,118;-0,275;-2,03;0,003
"ici";-0,263;-0,45;5,799;0,858;-4,678
"plusieurs";-1,506;4,583;-4,767;4,383;-0,487
"mes";-0,859;-4,334;-2,368;0,259;14,919
"chez";0,085;-1,712;11,97;-2,266;-1,151
"celui";0,68;0,086;-2,576;0,251;0,014
"mal";0,68;0,086;-0,808;-8,494;6,661
"alors";0,074;-0,909;-0,586;0,088;1,317
"personne";-0,048;0,129;-1,365;4,143;-0,753
"t";-0,843;0,05;5,483;-3,836;0,008
"cela";-1,171;7,1;1,868;0,188;-11,04
"quoi";-1,435;-0,779;15,388;-0,105;-2,893
"entre";-0,048;-4,561;2,386;0,045;0,234
"non";1,3;-0,022;-0,073;-0,49;0,002
"mieux";-0,027;0,28;3,493;-0,694;-2,09
"contre";4,056;-0,034;-8,7;0,698;0,291
"assez";0,003;0,24;2,862;-1,168;-1,427
"chacun";-0,142;-1,447;1,116;3,23;-1,539
"voilà";-0,653;-0,266;12,769;-4,851;-0,095
"pendant";-0,196;-0,763;0,923;0,81;-0,322
"trop";-0,224;14,324;-4,177;0,342;-2,789
"dès";0,648;2,187;-2,725;-1,222;0,3
"parmi";1,295;1,921;-7,956;0,667;-0,077
"beaucoup";-0,325;0,021;2,263;0,54;-3,272
"celle";0,003;0,004;-1,356;1,239;0,001
"quelle";-1,487;-0,168;-0,006;0,336;1,031
"depuis";0,144;-0,001;-4,611;11,483;-1,712
"loin";-0,067;-0,042;-1,021;-0,002;2,164
"cent";0,056;-0,395;0,81;0;-0,27
"tu";-3,553;-2,785;2,867;-2,412;9,106
"or";0,044;-1,184;2,28;1,723;-3,522
"cependant";0,461;2,436;0,062;-0,002;-5,268
"ton";-4,147;-0,001;-2,938;0,016;11,828
"lui_même";17,743;-0,054;-5,793;-0,329;-0,376
"lorsqu";0,086;-0,015;-1,84;-0,766;4,059
"jusqu_à";1,317;-0,418;-0,029;-0,894;0,402
"ah";-2,238;-0,755;13,251;0,047;-2,785
"pourquoi";-0,011;-0,239;1,738;-0,114;-0,198
"lorsque";0,314;-3,001;-6,081;7,383;1,167
"autant";0,056;-0,395;-0,912;0,256;0,751
"an";14,152;-0,001;-0,719;-0,645;-3,027
"quatre";-2,581;0,068;0,852;4,105;-2,589
"presque";0,086;-0,324;-3,18;0,25;2,527
"déjà";-0,524;-1,081;1,047;1,248;-0,178
"devant";-5,107;0,312;-0,602;3,072;0,407
"juste";-0,524;2,084;-1,794;0,371;0,002
"aucun";2,64;0,45;-2,771;-0,052;-0,047
"six";-2,773;-3,66;14,014;0,687;-1,433
"oui";-3,948;-0,755;10,239;0,478;-1,513
"ailleurs";4,723;0,024;0,63;-3,291;-1,433
"tel";0,964;1,387;-0,069;-0,96;-0,678
"souvent";-0,097;0,239;0,457;-0,246;-0,159
"longtemps";1,917;-2,361;3,875;0,01;-3,366
"ô";-0,048;-4,912;0,662;0,572;0,616
"vingt";0,005;0,068;2,032;-0,453;-1,23
"quelquefois";-2,967;1,134;4,474;0,039;-3,104
"oh";-1,404;-0,924;0,035;-0,102;4,319
"ensuite";-4,488;2,107;6,754;-0,001;-4,163
"eh";-1,248;-0,132;1,652;0,09;-0,047
"aujourd_hui";0,109;0,897;-1,794;0,371;-0,178
"quoique";-0,67;1,387;0,662;-0,161;-0,678
"mêmes";6,059;-0,5;-2,273;-0,344;0,267
"hélas";-0,948;-1,553;13,144;-2,857;0
"puis";-0,161;0,139;0,298;-1,296;0,267
"aucune";-0,215;9,453;-0,126;-0,381;-2,479
"peut_être";0,378;-0,828;2,818;-2,007;-0,002
"dix";-1,464;-0,665;1,625;1,362;-0,247
"surtout";-1,828;3,617;-1,562;0,783;-0,029
"puisque";0,043;3,279;-0,914;-0,381;-0,142
"près";-0,048;-0,27;-3,524;9,428;-0,083
"moindre";1,556;-0,098;-1,337;-0,651;1,173
"avant";-0,542;1,747;-0,021;-0,091;-0,029
"tandis_que";-3,872;-0,999;0,165;0,085;4,119
"lequel";0,043;-0,514;-0,914;1,748;0,049
"cinq";-0,065;0,03;6,144;-1,199;-1,938
"cents";3,016;-0,773;0,148;-0,001;-1,164
"partout";-1,464;2,68;5,96;-3,877;-1,163
"d_abord";0;-0,098;1,236;0,17;-1,384
"afin";1,234;-0,176;-5,54;0,783;0,864
"laquelle";-2,03;2,655;-2,905;0,887;0,307
"toi";0,577;-2,938;-1,379;-2,731;13,302
"ta";0,384;-0,256;-0,456;-1,818;3,415
"telle";3,856;-0,586;-2,905;0,016;0,307
"te";1,246;-2,446;0,33;-0,478;0,307
"plupart";0,366;1,037;0,521;-1,008;-1,674
"million";1,817;-0,147;4,222;-1,008;-3,834
"celles";-0,778;2,954;-1,633;-0,082;0,487
"uns";0,073;-0,586;-0,893;-0,478;4,273
"monseigneur";-1,216;-1,465;12,813;-0,013;-1,764
"moi_même";-0,019;-1,174;1,927;0,184;-0,397
"lendemain";-0,621;-0,97;5,262;-0,026;-0,249
"combien";-0,942;0,03;0,304;-0,163;0,278
"autour";-1,013;0,001;-1,45;1,543;0,857
"douze";1,246;0,001;-0,034;0,887;-2,945
"madame";0,188;-2,201;10,151;-0,325;-2,65
"jadis";3,592;-0,252;-4,074;2,782;-0,566
"hors";0,073;0,001;0,33;0,887;-2,945
"davantage";-2,847;0,03;6,144;-0,163;-0,566
"auprès";-0,472;-0,773;0,148;0,569;0,133
"trente";-0,472;-2,692;3,362;-0,645;1,179
"malgré";-0,334;2,655;-0,893;3,092;-2,945
"jusqu";1,172;-0,033;-0,115;-1,362;0,389
"derrière";0,693;-1,71;1,681;-0,081;-0,282
"tels";0,384;1,634;-2,322;-1,818;1,005
"selon";0,693;-1,71;0,152;2,774;-2,059
"elle_même";0,188;1,083;0;-0,325;-0,69
"différents";0,015;-0,014;-3,197;9,552;-1,164
"cinquante";-1,827;-2,201;5,691;4,049;-2,65
"celui_ci";0,384;0,149;0,03;-0,19;-0,474
"voici";-1,827;-0,412;5,691;0,085;-0,69
"sept";-0,032;0,359;0,152;0,476;-2,059
"huit";0,015;-0,014;0,148;-0,001;-0,128
"autrefois";-1,827;3,542;0;1,326;-2,65
"quelqu_un";-0,472;0,414;-0,115;5,345;-3,241
"pardon";4,732;-1,465;0,41;-1,362;-0,124
"outre";0;-0,033;-1,74;3,972;-0,124
"lesquels";-0,21;1,083;-2,613;4,049;-0,69
"jusqu_au";-0,032;-0,125;0,152;-0,081;0,139
"environ";-1,827;-0,412;2,513;1,326;-0,69
"ci";-2,03;0,001;19,112;-2,274;-2,945
"vive";-0,107;-1,955;-2,322;1,931;3,415
"tes";1,924;-1,221;-1,45;-1,135;3,979
"quinze";-0,032;-1,71;9,679;-0,081;-2,059
"diable";0,036;-1,221;4,061;-1,135;-0,021
"au_dessus";-0,032;0,359;0,152;-1,59;0,139
"vôtre";-0,81;2,352;-1,159;2,646;-1,175
"soi";-1,42;-1,71;0,152;2,774;0,139
"envers";4,732;-0,033;-1,74;-1,362;0,389
"dessus";-0,032;0,359;-0,268;0,476;-0,282
"chacune";-1,216;0,721;-0,115;0,883;-0,124
"c_est_à_dire";-1,42;2,412;-2,031;2,774;-0,282
"vite";0;-1,465;12,813;-1,362;-1,764
"tandis_qu";-1,623;-0,256;0,03;1,931;0,025
"pourtant";-1,42;2,412;1,681;-0,081;-2,059
"eux_mêmes";-0,032;-0,125;-2,031;-0,081;4,754
"demain";-1,216;-0,033;2,625;-0,013;-0,124
"certains";-1,013;1,325;-1,45;1,543;-0,021
"certain";0;0,721;-0,115;-0,013;-0,124
"tard";-1,013;1,325;-1,45;5,74;-1,47
"soixante";0,585;-0,732;0,205;0,441;-0,881
"sienne";-1,216;0,721;0,41;-0,013;-0,124
"quelles";-1,216;0,721;-0,115;-0,013;0,389
"puisqu";1,172;-0,033;0,41;-0,013;-1,764
"ceci";-0,81;0,074;0,015;0,114;0,012
"toutefois";0;0,721;-1,74;3,972;-1,764
"telles";-1,013;0,001;-0,017;1,543;-0,021
"quels";-0,607;-0,732;-0,869;-0,68;10,239
"nôtres";0,585;0,36;-0,869;0,441;-0,881
"mienne";-0,607;-0,732;-0,869;0,441;3,314
"duquel";-0,81;0,074;-1,159;8,505;-1,175
"dommage";9,693;-0,976;0,015;-0,907;-1,175
"adieu";0,036;-1,221;-0,017;-1,135;3,979
"vingt_quatre";-0,607;0,36;-0,869;4,635;-0,881
"soi_même";3,152;0,074;-1,159;0,114;-1,175
"quiconque";0,192;0,074;0,015;-0,907;0,012
"quarante";0,192;-0,976;-1,159;8,505;-1,175
"las";0,192;-0,976;0,015;-0,907;1,705
"hier";0,192;0,074;0,015;0,114;-1,175
"elles_mêmes";0,585;-0,732;-0,869;4,635;-0,881
"diverses";3,152;0,074;-1,159;-0,907;0,012
"celui_là";0,036;1,325;0,888;-1,135;-1,47
"celle_ci";0,192;0,074;-1,159;0,114;0,012
"nulle";-0,81;7,809;0,015;-0,907;-1,175
"nous_mêmes";-0,607;-0,732;0,205;0,441;0,194
"mince";0,585;0,36;-0,869;-0,68;0,194
"lors";0,585;-0,732;-0,869;0,441;0,194
"lesquelles";-0,607;-0,732;-0,869;4,635;0,194
"excepté";-0,81;-0,976;13,847;-0,907;-1,175
"debout";-0,81;0,074;0,015;-0,907;1,705
"ceux_ci";0,585;-0,732;-0,869;0,441;0,194
"certaine";0,192;-0,976;-1,159;0,114;1,705
"quelques_unes";-0,607;0,36;0,205;-0,68;0,194
"quatre_vingts";0,585;0,36;0,205;-0,68;-0,881
"L'ANNÉE";124,585;28,523;-996,284;33,489;122,13
"*À";124,585;28,523;-996,284;33,489;122,13
"chaumière";-0,202;19,656;-20,904;-3,455;6,135
"*VOYAGE";-16,502;23,887;-29,548;42,241;-2,594
"DANS";-16,502;23,887;-29,548;42,241;-2,594
"CENT";124,585;28,523;-996,284;33,489;122,13
"*Candide";-96,588;-107,146;1520,57;-72,758;-152,647
"indienne";-0,202;19,656;-20,904;-3,455;6,135
"LES";-16,502;23,887;-29,548;42,241;-2,594
"*La";-0,202;19,656;-20,904;-3,455;6,135
"DEUX";124,585;28,523;-996,284;33,489;122,13
"MILLE";124,585;28,523;-996,284;33,489;122,13
"QUATRE";124,585;28,523;-996,284;33,489;122,13
"QUARANTE.";124,585;28,523;-996,284;33,489;122,13
"ESPACES.";-16,502;23,887;-29,548;42,241;-2,594
